experiment,platform,case,design,sampler,seed,sample_index,sample_kind,zmconv_c0_lnd,zmconv_c0_lnd_numeric,zmconv_c0_ocn,zmconv_c0_ocn_numeric,cldfrc_dp1,cldfrc_dp1_numeric,zmconv_dmpdz,zmconv_dmpdz_numeric,zmconv_ke,zmconv_ke_numeric,zmconv_alfa,zmconv_alfa_numeric,zmconv_tau,zmconv_tau_numeric,ice_sed_ai,ice_sed_ai_numeric,cldfrc2m_rhmaxi,cldfrc2m_rhmaxi_numeric,clubb_gamma_coef,clubb_gamma_coef_numeric,clubb_C8,clubb_C8_numeric,clubb_beta,clubb_beta_numeric,clubb_C2rt,clubb_C2rt_numeric,clubb_c_K10,clubb_c_K10_numeric,clubb_C1,clubb_C1_numeric,clubb_C6rt,clubb_C6rt_numeric,effgw_oro,effgw_oro_numeric,output_file,time_records,time_start,time_end,TREFHT_mean,TREFHT_std,TREFHT_min,TREFHT_max,TMQ_mean,TMQ_std,TMQ_min,TMQ_max,CLDTOT_mean,CLDTOT_std,CLDTOT_min,CLDTOT_max,FSNS_mean,FSNS_std,FSNS_min,FSNS_max,FLNS_mean,FLNS_std,FLNS_min,FLNS_max,LHFLX_mean,LHFLX_std,LHFLX_min,LHFLX_max,SHFLX_mean,SHFLX_std,SHFLX_min,SHFLX_max,PS_mean,PS_std,PS_min,PS_max,TS_mean,TS_std,TS_min,TS_max,T_mean,T_std,T_min,T_max,Q_mean,Q_std,Q_min,Q_max,CLOUD_mean,CLOUD_std,CLOUD_min,CLOUD_max,CLDICE_mean,CLDICE_std,CLDICE_min,CLDICE_max,CLDLIQ_mean,CLDLIQ_std,CLDLIQ_min,CLDLIQ_max,PRECC_mean,PRECC_std,PRECC_min,PRECC_max,PRECC_mean_mm_day,PRECL_mean,PRECL_std,PRECL_min,PRECL_max,PRECL_mean_mm_day,PRECT_mean,PRECT_std,PRECT_min,PRECT_max,PRECT_mean_mm_day
ARM97_qmc,mac,run_e3sm_scm_ARM97_qmc64_0706_000,digitalnetb2,QMCPy DigitalNetB2,20260428,0,digitalnetb2,0.0010620489,0.0010620488544623,0.004004029,0.0040040290053098,0.02124491D0,0.0212449103910446,-0.00164094919,-0.0016409491925534,7.55260558e-06,7.552605576450309e-06,0.54611924D0,0.5461192382691714,13817.46,13817.459788690432,1267.0293,1267.0293106761585,1.0783492D0,1.0783492077039554,0.19055934,0.1905593363309788,5.1000147,5.10001469437633,1.2368217,1.2368216988137388,0.75838828D0,0.7583882832077427,0.36536769,0.3653676891672953,1.8179147,1.8179146570987887,3.0477519,3.047751903770646,0.16699844,0.1669984411395764,/Users/yunlong/Workshop/SCM-UQ-Workflow/cases/run_e3sm_scm_ARM97_qmc64_0706/output/ARM97_qmc_000.nc,1249,1997-06-19 23:29:45,1997-07-15 23:29:45,300.6053937876864,3.505027160331827,292.2444152832031,309.1665954589844,47.891754019059974,8.159661793281202,28.05217933654785,69.53531646728516,0.9399869543913745,0.17332880872707837,0.0,1.0,180.71486102291544,227.807545221414,0.0,865.0850830078125,33.13160825128838,12.788321177259068,-1.8544453382492065,67.28488159179688,112.98614130941651,103.9257962906717,-32.756385803222656,370.2933044433594,36.71611922112709,50.58168982644641,-48.19628143310547,178.625732421875,96863.85649144315,329.1931532888907,96062.953125,97540.140625,298.97400674445805,1.588044389005983,295.1214294433594,302.9514465332031,244.902609122668,35.77987212110153,194.76710510253906,309.97735595703125,0.0038827289384294403,0.005870625608219053,4.480875226420267e-09,0.023644138127565384,0.12882900142834325,0.30037185932834365,0.0,1.0,6.390468344365091e-06,2.7499941898417574e-05,0.0,0.0005911024054512382,1.0301672686701476e-06,1.1218773302177038e-05,0.0,0.0006263002287596464,3.012927516154519e-08,6.953768529261345e-08,0.0,5.053942686572555e-07,2.603169373957504,8.99248386783759e-09,3.455855785319609e-08,0.0,3.772544232560904e-07,0.7769506061811678,3.912175902938278e-08,9.086331429871309e-08,0.0,8.208829171962861e-07,3.3801199801386725
ARM97_qmc,mac,run_e3sm_scm_ARM97_qmc64_0706_001,digitalnetb2,QMCPy DigitalNetB2,20260428,1,digitalnetb2,0.0040891659,0.0040891658951999,0.0021815834,0.0021815834337932,0.081036933D0,0.0810369331911369,-0.000938132701,-0.0009381327007519,1.20883759e-06,1.2088375874356871e-06,0.22250344D0,0.2225034395295617,4435.2125,4435.212500944733,451.30515,451.305154992318,1.0236359D0,1.023635902819085,0.46790666,0.4679066605924191,2.5881536,2.5881536184078726,2.1621777,2.16217768865215,1.5289403D0,1.5289403127659478,0.90068807,0.9006880727563549,4.3078458,4.307845769607887,5.5504505,5.550450481582079,0.29260813,0.2926081294744885,/Users/yunlong/Workshop/SCM-UQ-Workflow/cases/run_e3sm_scm_ARM97_qmc64_0706/output/ARM97_qmc_001.nc,1249,1997-06-19 23:29:45,1997-07-15 23:29:45,302.72288431331003,3.337382964200505,293.0074157714844,309.92889404296875,41.28684851109647,7.180995668553095,26.095046997070312,63.79289245605469,0.9608548331204093,0.17526699720208738,0.0,1.0,191.77796777177323,248.1970621421227,0.0,862.6923217773438,33.925214185797756,16.726407588314693,-9.387619018554688,73.3690185546875,112.98614130941651,103.9257962906717,-32.756385803222656,370.2933044433594,36.71611922112709,50.58168982644641,-48.19628143310547,178.625732421875,96863.85649144315,329.1931532888907,96062.953125,97540.140625,298.97400674445805,1.588044389005983,295.1214294433594,302.9514465332031,245.5690124497975,36.58871947463827,194.99305725097656,311.64312744140625,0.0034059076503265484,0.005259398054143931,3.1672953149097793e-09,0.02506890520453453,0.1409582002833454,0.33169079517323463,0.0,1.0,5.841018670872486e-06,2.620253084928584e-05,0.0,0.0006974574644118547,4.461014800833706e-07,8.657894483940173e-06,0.0,0.0008697212324477732,3.871294325601004e-08,1.0814640323065822e-07,0.0,7.779386237416475e-07,3.3447982973192674,4.79498511544959e-09,2.060203130715728e-08,0.0,3.095837257660605e-07,0.41428671397484457,4.350792837145963e-08,1.1208310587652993e-07,0.0,7.797919840957235e-07,3.7590850112941117
ARM97_qmc,mac,run_e3sm_scm_ARM97_qmc64_0706_002,digitalnetb2,QMCPy DigitalNetB2,20260428,2,digitalnetb2,0.0025454252,0.0025454251508352,0.0032058369,0.0032058369480579,0.079346001D0,0.0793460014223316,-0.000370495868,-0.0003704958676808,8.04129859e-06,8.041298588251177e-06,0.34442973D0,0.3444297260251904,5471.1629,5471.162918797741,1025.9976,1025.9976043064412,1.0516352D0,1.051635162134868,0.27181262,0.2718126188596779,7.5096988,7.509698812319532,1.829421,1.82942103377806,1.9702944D0,1.970294420718626,1.1584349,1.1584349025156933,2.1188189,2.118818931426482,7.8086996,7.808699610262012,0.2116918,0.2116917972227163,/Users/yunlong/Workshop/SCM-UQ-Workflow/cases/run_e3sm_scm_ARM97_qmc64_0706/output/ARM97_qmc_002.nc,1249,1997-06-19 23:29:45,1997-07-15 23:29:45,301.73080612927845,3.4265564303033442,292.82623291015625,309.6812744140625,45.04580596086977,7.838626379262051,26.974218368530273,68.34343719482422,0.9722868307289317,0.1125256317655674,0.004471930675208569,1.0,185.44516472856077,242.60454685740876,0.0,855.4857177734375,32.82173242768924,15.571369597448387,0.349036306142807,73.57415008544922,112.98614130941651,103.9257962906717,-32.756385803222656,370.2933044433594,36.71611922112709,50.58168982644641,-48.19628143310547,178.625732421875,96863.85649144315,329.1931532888907,96062.953125,97540.140625,298.97400674445805,1.588044389005983,295.1214294433594,302.9514465332031,245.15955568211282,35.878008361055784,197.5060272216797,310.4595642089844,0.0036134341968387367,0.005426709732808328,1.0022199070647275e-08,0.022396808490157127,0.14526597323210488,0.3235392168859803,0.0,1.0,4.926379229760542e-06,2.1889705003826412e-05,0.0,0.0005705662188120186,1.3916952163793915e-06,1.6303898918343925e-05,0.0,0.0007612683693878353,3.666786718887223e-08,1.1092964767223633e-07,0.0,9.333825232715753e-07,3.1681037251185606,5.613859539817995e-09,1.9400680757429276e-08,0.0,2.087812731588201e-07,0.48503746424027483,4.228172672869023e-08,1.1273940092410067e-07,0.0,9.473052884345634e-07,3.653141189358836
ARM97_qmc,mac,run_e3sm_scm_ARM97_qmc64_0706_003,digitalnetb2,QMCPy DigitalNetB2,20260428,3,digitalnetb2,0.0051045509,0.0051045509398017,0.0051651488,0.0051651488067864,0.059143822D0,0.0591438223754358,-0.00125039411,-0.0012503941116925,4.29017672e-06,4.290176718993839e-06,0.18677874D0,0.1867787408650505,8651.9415,8651.941487024356,760.01075,760.0107494328673,1.0438468D0,1.0438468402560073,0.3991526,0.3991526035780662,4.7722867,4.77228668975598,2.7556275,2.7556274536086365,1.2114586D0,1.2114586384407786,0.56859475,0.5685947549506583,3.5069396,3.506939576729883,5.3205713,5.320571277271546,0.32760284,0.3276028366555862,/Users/yunlong/Workshop/SCM-UQ-Workflow/cases/run_e3sm_scm_ARM97_qmc64_0706/output/ARM97_qmc_003.nc,1249,1997-06-19 23:29:45,1997-07-15 23:29:45,301.0206607913284,3.5813120792785,292.13409423828125,310.3305358886719,46.483545688174075,7.621897433061316,27.690698623657227,67.11187744140625,0.952720453710176,0.18044633658182233,0.0,1.0,180.8071358520284,242.32309379301282,-8.881784197001252e-16,865.9112548828125,32.52070459678137,15.016608854315209,-3.383312702178955,68.96861267089844,112.98614130941651,103.9257962906717,-32.756385803222656,370.2933044433594,36.71611922112709,50.58168982644641,-48.19628143310547,178.625732421875,96863.85649144315,329.1931532888907,96062.953125,97540.140625,298.97400674445805,1.588044389005983,295.1214294433594,302.9514465332031,244.93078550822835,36.08644955623323,190.9853057861328,311.3745422363281,0.0037472671333242972,0.005654113486798838,8.280164998097916e-09,0.024409154430031776,0.1488385713308759,0.33109497278710015,0.0,1.0,6.732062274109383e-06,2.9396807743113394e-05,0.0,0.0007508540875278413,1.0534023063706288e-06,1.3118047229170645e-05,0.0,0.0006357544916681945,3.441541386445971e-08,8.659987699496784e-08,0.0,6.345146061903506e-07,2.9734917578893185,5.476881612135167e-09,1.827060574030453e-08,0.0,2.5636120426497655e-07,0.4732025712884784,3.9892295476594876e-08,9.182180995907072e-08,0.0,8.549216090614209e-07,3.446694329177797
ARM97_qmc,mac,run_e3sm_scm_ARM97_qmc64_0706_004,digitalnetb2,QMCPy DigitalNetB2,20260428,4,digitalnetb2,0.0017520058,0.0017520058274847,0.0013655726,0.0013655725578448,0.044590859D0,0.0445908593787041,-0.0018859452,-0.0018859451956608,5.48181522e-06,5.481815215460204e-06,0.45890133D0,0.4589013256503592,1934.0606,1934.060597111008,570.83145,570.8314466573327,1.0029962D0,1.0029962044171006,0.333694,0.3336939967063899,2.9006162,2.900616166062637,1.4936091,1.4936091311063522,1.3295621D0,1.3295620774854364,0.6652153,0.6652153001120147,1.3414076,1.341407614420503,4.0696244,4.069624374210425,0.10775004,0.10775004327959,/Users/yunlong/Workshop/SCM-UQ-Workflow/cases/run_e3sm_scm_ARM97_qmc64_0706/output/ARM97_qmc_004.nc,1249,1997-06-19 23:29:45,1997-07-15 23:29:45,301.7713485485654,3.4029367435551525,292.3622131347656,308.9622802734375,45.2782843905129,7.725040956616324,26.901058197021484,67.23009490966797,0.9651673146845849,0.1624465072088533,0.0,1.0,186.7626891696305,240.71275500768982,-4.440892098500626e-16,848.8748168945312,32.17169410678699,15.49736341123671,-2.7053873538970947,72.72553253173828,112.98614130941651,103.9257962906717,-32.756385803222656,370.2933044433594,36.71611922112709,50.58168982644641,-48.19628143310547,178.625732421875,96863.85649144315,329.1931532888907,96062.953125,97540.140625,298.97400674445805,1.588044389005983,295.1214294433594,302.9514465332031,245.01015004187798,36.03111818961444,194.14169311523438,310.09893798828125,0.00363799972149811,0.005474551843658636,4.892209304330208e-09,0.021252639591693878,0.148603316739129,0.34328144667058463,0.0,1.0,6.301492760583542e-06,3.093379997917392e-05,0.0,0.0007402937044389546,1.2629384344645013e-06,1.5210261933872287e-05,0.0,0.0008851757156662643,3.414836745740815e-08,1.0526818567459522e-07,0.0,9.65657022788946e-07,2.9504189483200642,8.958778741005906e-09,4.054175151041556e-08,0.0,5.370287112782535e-07,0.7740384832229102,4.3107146198414064e-08,1.1740902836265524e-07,0.0,9.723944685013919e-07,3.724457431542975
ARM97_qmc,mac,run_e3sm_scm_ARM97_qmc64_0706_005,digitalnetb2,QMCPy DigitalNetB2,20260428,5,digitalnetb2,0.0046626938,0.0046626938141532,0.0045747175,0.0045747174544824,0.064407296D0,0.0644072960567928,-0.00069247262,-0.0006924726198193,2.10183921e-06,2.1018392083586395e-06,0.069219091D0,0.0692190907294469,11402.505,11402.504536887847,1346.445,1346.4449550303384,1.095208D0,1.0952079659425191,0.21103827,0.2110382724061184,6.3873418,6.3873417655343525,2.4198156,2.419815649422472,0.58253768D0,0.5825376812794025,1.0863053,1.086305340270412,4.7843378,4.784337844015299,6.5576918,6.557691762175511,0.28271607,0.2827160655188291,/Users/yunlong/Workshop/SCM-UQ-Workflow/cases/run_e3sm_scm_ARM97_qmc64_0706/output/ARM97_qmc_005.nc,1249,1997-06-19 23:29:45,1997-07-15 23:29:45,302.0567962182246,3.210668869234736,292.73455810546875,309.5152282714844,43.53025578269012,7.152544686145704,26.729616165161133,65.26905822753906,0.9209173612230964,0.19303901186528927,0.0,1.0,186.05678644422008,236.43197146362908,0.0,857.8334350585938,31.95445849779871,15.665186413656428,-12.67883586883545,73.2474594116211,112.98614130941651,103.9257962906717,-32.756385803222656,370.2933044433594,36.71611922112709,50.58168982644641,-48.19628143310547,178.625732421875,96863.85649144315,329.1931532888907,96062.953125,97540.140625,298.97400674445805,1.588044389005983,295.1214294433594,302.9514465332031,245.3464241421824,36.14956730810528,193.78662109375,310.6013488769531,0.003611688869080213,0.005593928312867101,1.7678775110496758e-10,0.025104913860559464,0.11746333677791225,0.28221407828884965,0.0,1.0,5.26299942815158e-06,2.3634707943098367e-05,0.0,0.0006286519928835332,7.228691500533037e-07,1.1027997403912765e-05,0.0,0.000671548186801374,3.8413348376433485e-08,1.0401372323889119e-07,0.0,1.0040156439572456e-06,3.318913299723853,3.4972104527417785e-09,1.215986613855853e-08,0.0,1.5108669515484507e-07,0.30215898311688966,4.1910558829175265e-08,1.0577138931254483e-07,0.0,1.0041344708083821e-06,3.621072282840743
ARM97_qmc,mac,run_e3sm_scm_ARM97_qmc64_0706_006,digitalnetb2,QMCPy DigitalNetB2,20260428,6,digitalnetb2,0.0030811307,0.0030811307237662,0.0059128395,0.00591283947683,0.095199274D0,0.0951992741438859,-0.000302609716,-0.0003026097156255,9.51821457e-06,9.51821456589482e-06,0.50053297D0,0.5005329653415179,11054.268,11054.267611373156,672.27959,672.2795853719131,1.0293318D0,1.029331820055763,0.402445,0.4024450049690377,3.7165989,3.716598943529125,1.5885255,1.5885255408434171,1.0354707D0,1.0354707075417262,0.75473221,0.7547322088046151,2.5954331,2.5954330836514306,6.79934,6.799339961582285,0.213665,0.21366500340893,/Users/yunlong/Workshop/SCM-UQ-Workflow/cases/run_e3sm_scm_ARM97_qmc64_0706/output/ARM97_qmc_006.nc,1249,1997-06-19 23:29:45,1997-07-15 23:29:45,301.05170765029993,3.535876303628206,292.38916015625,310.13153076171875,47.91046535959236,7.868647893482751,27.532825469970703,68.11425018310547,0.9694913631717162,0.13710239400178356,1.610830622666981e-05,1.0,163.72488458911545,225.87762264405288,0.0,852.3567504882812,31.370165391575345,13.242821609099629,0.5481936931610107,74.06999969482422,112.98614130941651,103.9257962906717,-32.756385803222656,370.2933044433594,36.71611922112709,50.58168982644641,-48.19628143310547,178.625732421875,96863.85649144315,329.1931532888907,96062.953125,97540.140625,298.97400674445805,1.588044389005983,295.1214294433594,302.9514465332031,245.3776722669029,35.5803406256292,197.8543701171875,311.2120666503906,0.0038158052184764394,0.005693591328356183,1.0288787599677107e-08,0.023596039041876793,0.15295248099008138,0.3299733804687264,0.0,1.0,5.0503593694956924e-06,2.1844996913750247e-05,0.0,0.0005942027783021331,1.0953150766063394e-06,1.1311417960971314e-05,0.0,0.0005881660617887974,3.354272599125836e-08,7.943416093058191e-08,0.0,5.543990937439958e-07,2.898091525644722,6.78942950661829e-09,2.4852469230069988e-08,0.0,2.601113919808995e-07,0.5866067093718204,4.033215549787665e-08,8.959314404001038e-08,0.0,5.82020476258549e-07,3.484698235016542
ARM97_qmc,mac,run_e3sm_scm_ARM97_qmc64_0706_007,digitalnetb2,QMCPy DigitalNetB2,20260428,7,digitalnetb2,0.00583481,0.0058348099610783,0.0028402652,0.0028402652388435,0.035011744D0,0.0350117437236503,-0.00131900054,-0.0013190005395879,3.99075998e-06,3.990759980537718e-06,0.27144842D0,0.2714484168751508,7984.1749,7984.174907122137,914.81889,914.8188915127182,1.0746186D0,1.0746186224985217,0.12978804,0.1297880386334902,6.9776819,6.977681899317772,2.5138816,2.51388161101022,1.7707789D0,1.7707788563803255,0.50066172,0.5006617180184593,3.0303105,3.0303104712441344,4.2965447,4.296544676839108,0.39711417,0.3971141686531722,/Users/yunlong/Workshop/SCM-UQ-Workflow/cases/run_e3sm_scm_ARM97_qmc64_0706/output/ARM97_qmc_007.nc,1249,1997-06-19 23:29:45,1997-07-15 23:29:45,301.13446193966894,3.4902032696533407,292.3185729980469,309.7715759277344,45.88093442130413,7.947379814297664,27.626813888549805,67.76751708984375,0.9100599785401852,0.2447669893230433,0.0,1.0,190.24972280985216,241.1111437483185,-4.440892098500626e-16,865.8298950195312,34.09180029012185,14.349621249607887,-1.2962110042572021,70.84244537353516,112.98614130941651,103.9257962906717,-32.756385803222656,370.2933044433594,36.71611922112709,50.58168982644641,-48.19628143310547,178.625732421875,96863.85649144315,329.1931532888907,96062.953125,97540.140625,298.97400674445805,1.588044389005983,295.1214294433594,302.9514465332031,244.96788801631516,35.97146930499089,194.1210174560547,310.7676696777344,0.0037419254911624446,0.005681694115562274,9.281530211069366e-09,0.023216983303427696,0.12513585565801444,0.3013265465385135,0.0,1.0,5.363653534961667e-06,2.2588190159040815e-05,0.0,0.00037931627593934536,9.521324773977606e-07,1.26195151818519e-05,0.0,0.0006649948772974312,3.4614171146644286e-08,8.444052839344191e-08,0.0,5.819304647047829e-07,2.990664387070066,5.131161411930566e-09,1.510821595104472e-08,0.0,1.3637422568990587e-07,0.4433323459908009,3.9745332558574854e-08,8.883592732396313e-08,0.0,5.906797895249838e-07,3.4339967330608676
ARM97_qmc,mac,run_e3sm_scm_ARM97_qmc64_0706_008,digitalnetb2,QMCPy DigitalNetB2,20260428,8,digitalnetb2,0.0014819472,0.0014819472497428,0.0022821478,0.0022821478224473,0.087558999D0,0.0875589994807589,-0.00106031389,-0.0010603138855266,2.30903703e-06,2.3090370343633637e-06,0.49054078D0,0.4905407751006279,6176.3263,6176.326306413127,1107.7786,1107.7785761426396,1.0616636D0,1.061663642304142,0.43480997,0.4348099670217121,5.5105083,5.510508274616045,1.3721399,1.3721398765596753,1.0659081D0,1.065908108516103,0.92374395,0.9237439549347792,3.3297876,3.3297875583063807,7.67406,7.674060029838418,0.37509428,0.3750942815064957,/Users/yunlong/Workshop/SCM-UQ-Workflow/cases/run_e3sm_scm_ARM97_qmc64_0706/output/ARM97_qmc_008.nc,1249,1997-06-19 23:29:45,1997-07-15 23:29:45,302.3998655223007,3.536798933798857,292.75347900390625,310.2744140625,43.04282316691977,6.80549164142866,26.825767517089844,62.579559326171875,0.9136219866892397,0.25124455575677745,0.0,1.0,196.87366441951644,252.37759388645148,-8.881784197001252e-16,860.5116577148438,33.608850374015525,15.746315713168133,-5.5748419761657715,71.85208129882812,112.98614130941651,103.9257962906717,-32.756385803222656,370.2933044433594,36.71611922112709,50.58168982644641,-48.19628143310547,178.625732421875,96863.85649144315,329.1931532888907,96062.953125,97540.140625,298.97400674445805,1.588044389005983,295.1214294433594,302.9514465332031,245.24619845000146,36.313776639666585,195.56130981445312,311.2694091796875,0.003502170259313641,0.005308946666425453,4.773683226488856e-09,0.024262400344014168,0.12827514942572063,0.3057097695171631,0.0,1.0,5.792494453778816e-06,2.6146060966397932e-05,0.0,0.0005375720793381333,5.087749342690413e-07,9.443417545907383e-06,0.0,0.0008118929690681398,3.8405647825539516e-08,1.0559618947308203e-07,0.0,8.386451781916548e-07,3.3182479721266143,4.085461121105526e-09,1.4579800378935324e-08,0.0,1.252511481197871e-07,0.3529838408635175,4.249110894664504e-08,1.081177219205655e-07,0.0,8.386504121138914e-07,3.6712318129901313
ARM97_qmc,mac,run_e3sm_scm_ARM97_qmc64_0706_009,digitalnetb2,QMCPy DigitalNetB2,20260428,9,digitalnetb2,0.0036107702,0.0036107702465896,0.0054546862,0.0054546862259267,0.027689157D0,0.0276891568675074,-0.000560671222,-0.0005606712220163,6.35092923e-06,6.3509292323398565e-06,0.3157023D0,0.3157023024731717,9344.7041,9344.704053834985,874.59196,874.5919570709736,1.0413254D0,1.0413254484944254,0.10746874,0.1074687424573609,2.2010746,2.201074644438908,2.2905377,2.290537700255286,1.8306011D0,1.8306011219503464,0.33208766,0.3320876619585441,2.7959111,2.7959111477327645,5.1810488,5.181048846375944,0.24037166,0.2403716641075524,/Users/yunlong/Workshop/SCM-UQ-Workflow/cases/run_e3sm_scm_ARM97_qmc64_0706/output/ARM97_qmc_009.nc,1249,1997-06-19 23:29:45,1997-07-15 23:29:45,300.4744072113159,3.621012878831772,292.0668640136719,308.9887390136719,48.04522467766694,8.88577065765058,27.813995361328125,72.0333251953125,0.9654520988136344,0.15343041156225432,0.0,1.0,183.17404613757822,236.73463544635703,-4.440892098500626e-16,865.8574829101562,33.62991416171563,14.45807316629338,-1.818593144416809,71.39678955078125,112.98614130941651,103.9257962906717,-32.756385803222656,370.2933044433594,36.71611922112709,50.58168982644641,-48.19628143310547,178.625732421875,96863.85649144315,329.1931532888907,96062.953125,97540.140625,298.97400674445805,1.588044389005983,295.1214294433594,302.9514465332031,244.92063698734256,35.953318575363774,192.19390869140625,310.0824890136719,0.0038765527522648213,0.005855022526332147,9.626134556128818e-09,0.024621514603495598,0.15066365731988002,0.3358985641212648,0.0,1.0,6.236770129391616e-06,2.4733776787041928e-05,0.0,0.0005477913073264062,1.0229226806895124e-06,1.2118259905953448e-05,0.0,0.0006192881846800447,3.2853683120272186e-08,8.347529991050601e-08,0.0,5.462980539050477e-07,2.838558221591517,6.021095369990389e-09,1.9368854635770105e-08,0.0,1.8217670572084899e-07,0.5202226399671697,3.8874778490262575e-08,8.802536959524296e-08,0.0,5.847096460342982e-07,3.3587808615586865
ARM97_qmc,mac,run_e3sm_scm_ARM97_qmc64_0706_010,digitalnetb2,QMCPy DigitalNetB2,20260428,10,digitalnetb2,0.002652947,0.0026529469650004,0.0042931084,0.0042931083691567,0.051918636D0,0.051918636439764,-0.000890856525,-0.0008908565250177,3.07982494e-06,3.0798249397905287e-06,0.4000428D0,0.4000428037211199,13137.0,13137.00040734844,1151.9352,1151.935155400904,1.0817971D0,1.0817971413750211,0.30356277,0.3035627723638563,7.8733751,7.873375149416068,1.7175326,1.717532637194226,1.5686933D0,1.568693253167556,0.60873097,0.6087309728635308,4.6070064,4.607006379921954,3.5281557,3.528155664159321,0.2650706,0.2650706019979308,/Users/yunlong/Workshop/SCM-UQ-Workflow/cases/run_e3sm_scm_ARM97_qmc64_0706/output/ARM97_qmc_010.nc,1249,1997-06-19 23:29:45,1997-07-15 23:29:45,301.5101563184141,3.5030946860305816,292.9764099121094,309.7919616699219,45.518650064094246,7.365718104649478,27.40440559387207,66.04548645019531,0.92651266932228,0.19492139441176473,0.0,1.0,189.54520745703084,240.62884739991694,0.0,855.8734741210938,32.40323053148864,14.551168815781148,-1.4001973867416382,71.0469741821289,112.98614130941651,103.9257962906717,-32.756385803222656,370.2933044433594,36.71611922112709,50.58168982644641,-48.19628143310547,178.625732421875,96863.85649144315,329.1931532888907,96062.953125,97540.140625,298.97400674445805,1.588044389005983,295.1214294433594,302.9514465332031,245.14732551055494,36.08519684669809,196.67906188964844,310.6000671386719,0.003724461915269398,0.0056662573087211355,4.560415156618092e-09,0.023077597841620445,0.12153090546484978,0.2913775738641573,0.0,1.0,4.781292101874648e-06,2.0533269216532996e-05,0.0,0.00033625680953264236,7.088861633668938e-07,1.0371257878289785e-05,0.0,0.0005701918271370232,3.5995307756640835e-08,8.108752704543036e-08,0.0,5.656269195242203e-07,3.109994590173768,5.11431275096166e-09,1.6197331248483603e-08,0.0,1.4309050300198578e-07,0.44187662168308744,4.110962050760249e-08,8.60673535962342e-08,0.0,6.346149064029305e-07,3.5518712118568554
ARM97_qmc,mac,run_e3sm_scm_ARM97_qmc64_0706_011,digitalnetb2,QMCPy DigitalNetB2,20260428,11,digitalnetb2,0.0049384915,0.0049384914901576,0.0012571317,0.0012571316789752,0.072042385D0,0.0720423853207739,-0.00168818641,-0.0016881864098206,9.13047044e-06,9.130470439684354e-06,0.093614485D0,0.0936144847656583,3766.9617,3766.961673797981,369.01174,369.01174010810894,1.0146339D0,1.0146339096274737,0.22621669,0.2262166877619331,4.4320707,4.432070735210091,2.6350724,2.6350724019669824,0.81571577D0,0.8157157718041042,1.1423519,1.142351883571331,1.0186904,1.0186904076830694,6.0455026,6.045502640608577,0.12070841,0.1207084068803545,/Users/yunlong/Workshop/SCM-UQ-Workflow/cases/run_e3sm_scm_ARM97_qmc64_0706/output/ARM97_qmc_011.nc,1249,1997-06-19 23:29:45,1997-07-15 23:29:45,301.3906897246313,3.6109108731103765,291.9240417480469,311.3663024902344,45.86357412651312,8.010593650672693,27.72425651550293,67.85871124267578,0.9692180882695708,0.14112557146875748,0.0,1.0,157.84820057753566,219.2849363212163,-8.881784197001252e-16,853.960693359375,29.94782794656469,15.536109908074273,-2.337599754333496,73.95758056640625,112.98614130941651,103.9257962906717,-32.756385803222656,370.2933044433594,36.71611922112709,50.58168982644641,-48.19628143310547,178.625732421875,96863.85649144315,329.1931532888907,96062.953125,97540.140625,298.97400674445805,1.588044389005983,295.1214294433594,302.9514465332031,245.15712514805546,35.68145635275397,192.6702423095703,312.1023864746094,0.003646084094278405,0.005454123220865248,9.99999993922529e-09,0.021078942343592644,0.1543492669312293,0.34120313518182477,0.0,1.0,6.544856048699522e-06,3.0920416835877645e-05,0.0,0.0008730213157832623,2.008233169200099e-06,1.903014130431664e-05,0.0,0.000687234103679657,3.323677071971218e-08,1.0651701027289544e-07,0.0,1.1537706541275838e-06,2.8716569901831317,8.046955678299904e-09,3.288298584887313e-08,0.0,4.5068136955705995e-07,0.6952569706051117,4.128372639801208e-08,1.1443413927664548e-07,0.0,1.2868819396771869e-06,3.5669139607882436
ARM97_qmc,mac,run_e3sm_scm_ARM97_qmc64_0706_012,digitalnetb2,QMCPy DigitalNetB2,20260428,12,digitalnetb2,0.0021914835,0.0021914834752764,0.0049621423,0.0049621423091301,0.066713053D0,0.0667130531571914,-0.00151286237,-0.0015128623704099,8.17175819e-07,8.171758194040564e-07,0.37164298D0,0.3716429815187362,10387.362,10387.362235923849,688.43168,688.4316798583859,1.032377D0,1.032377017060078,0.29083296,0.2908329648655512,3.3096907,3.3096906774758637,1.1161192,1.1161191983018892,1.6314503D0,1.6314503379480043,0.98947978,0.9894797832661224,3.8219043,3.821904334283015,7.2967194,7.296719405927776,0.34967487,0.3496748738035816,/Users/yunlong/Workshop/SCM-UQ-Workflow/cases/run_e3sm_scm_ARM97_qmc64_0706/output/ARM97_qmc_012.nc,1249,1997-06-19 23:29:45,1997-07-15 23:29:45,302.9103641311487,3.604776320035595,292.9954833984375,310.2928466796875,44.41843242049694,6.9988376816573545,26.68697738647461,64.4266128540039,0.9407469048698032,0.21668140192389918,0.0,1.0,184.1350119849913,237.3763660236727,0.0,865.4344482421875,28.8533288727979,16.305247157394625,-10.793832778930664,68.90151977539062,112.98614130941651,103.9257962906717,-32.756385803222656,370.2933044433594,36.71611922112709,50.58168982644641,-48.19628143310547,178.625732421875,96863.85649144315,329.1931532888907,96062.953125,97540.140625,298.97400674445805,1.588044389005983,295.1214294433594,302.9514465332031,245.41527871008967,36.64577550191836,195.30792236328125,311.7732238769531,0.0036092191822413777,0.005467546593700379,1.0060056787608573e-08,0.024656187742948532,0.14336803757506997,0.3319891889822023,0.0,1.0,5.877098056354423e-06,2.475481947301551e-05,0.0,0.0004915814497508109,5.448148915783479e-07,1.0215192288831577e-05,0.0,0.0008149506174959242,4.012721677924875e-08,9.585740079893391e-08,0.0,7.146941811697616e-07,3.4669915297270917,3.3394753727733385e-09,1.0926778913222e-08,0.0,9.927336463988468e-08,0.28853067220761647,4.3466692152022094e-08,9.787883714575958e-08,0.0,7.152573095470238e-07,3.755522201934709
ARM97_qmc,mac,run_e3sm_scm_ARM97_qmc64_0706_013,digitalnetb2,QMCPy DigitalNetB2,20260428,13,digitalnetb2,0.0041254658,0.0041254658038953,0.003176342,0.0031763419686983,0.046818797D0,0.0468187966647792,-0.000108794091,-0.0001087940911673,6.64528963e-06,6.64528962530922e-06,0.12537091D0,0.125370912290032,7305.061,7305.0609716102545,963.77923,963.779226813304,1.0652137D0,1.065213701911161,0.36349479,0.3634947948235582,6.0016819,6.001681860304588,2.0336589,2.033658864123441,0.89028782D0,0.8902878189814688,0.73710877,0.7371087651516779,2.3037788,2.3037788075549948,4.7792757,4.7792757193283,0.18493186,0.1849318599948545,/Users/yunlong/Workshop/SCM-UQ-Workflow/cases/run_e3sm_scm_ARM97_qmc64_0706/output/ARM97_qmc_013.nc,1249,1997-06-19 23:29:45,1997-07-15 23:29:45,301.2703138585087,3.516868803285901,292.24102783203125,309.3213195800781,42.36096844699881,6.618984299695999,23.875816345214844,61.20024490356445,0.8911153763641649,0.25334946466066216,0.0,1.0,187.05618436199077,239.17526589822592,0.0,857.679931640625,38.05104486530929,16.10540251332979,-0.6103105545043945,86.7062759399414,112.98614130941651,103.9257962906717,-32.756385803222656,370.2933044433594,36.71611922112709,50.58168982644641,-48.19628143310547,178.625732421875,96863.85649144315,329.1931532888907,96062.953125,97540.140625,298.97400674445805,1.588044389005983,295.1214294433594,302.9514465332031,245.5599797463398,35.72996852249076,198.59725952148438,309.6319885253906,0.0034133339920315643,0.00515867174955356,1.006803262981748e-08,0.021468406543135643,0.11523634804525486,0.2873473830425393,0.0,1.0,5.065540106953269e-06,2.3235982818371216e-05,0.0,0.0006250853766687214,1.0081236789960433e-06,1.3790905191544855e-05,0.0,0.00080110999988392,4.0116350214950663e-08,1.1293907409287626e-07,0.0,1.0386205531176529e-06,3.4660526585717375,3.933106588983719e-09,1.29353667015778e-08,0.0,1.353283920479953e-07,0.33982040928819335,4.404945680393438e-08,1.1340619839645539e-07,0.0,1.0389038262170747e-06,3.8058730678599306
ARM97_qmc,mac,run_e3sm_scm_ARM97_qmc64_0706_014,digitalnetb2,QMCPy DigitalNetB2,20260428,14,digitalnetb2,0.0032079826,0.0032079825685237,0.001700886,0.0017008860484759,0.033565366D0,0.0335653657850909,-0.000735967191,-0.0007359671906759,5.16523934e-06,5.1652393361161855e-06,0.58782383D0,0.5878238254210533,2625.4777,2625.4777180801584,521.35817,521.3581675700358,1.0118651D0,1.0118651119821225,0.17208807,0.1720880742760589,4.0787647,4.078764659152727,1.9582107,1.9582106925002911,0.64023281D0,0.6402328114147411,0.4217954,0.4217954029462308,4.114752,4.114751976820532,3.9320472,3.93204715847816,0.31026553,0.3102655277428054,/Users/yunlong/Workshop/SCM-UQ-Workflow/cases/run_e3sm_scm_ARM97_qmc64_0706/output/ARM97_qmc_014.nc,1249,1997-06-19 23:29:45,1997-07-15 23:29:45,300.7477797667822,3.529188743852483,292.5024108886719,308.4308776855469,44.898297356452055,6.86775444642393,26.944969177246094,63.520328521728516,0.992493307938258,0.06749945955656944,0.04554795101284981,1.0,186.5859919182294,239.9087764454607,0.0,852.224853515625,34.38239770688659,15.193016836348663,-8.199616432189941,71.66132354736328,112.98614130941651,103.9257962906717,-32.756385803222656,370.2933044433594,36.71611922112709,50.58168982644641,-48.19628143310547,178.625732421875,96863.85649144315,329.1931532888907,96062.953125,97540.140625,298.97400674445805,1.588044389005983,295.1214294433594,302.9514465332031,245.85576813073993,35.49296929362802,195.88206481933594,309.4404296875,0.003654655833351462,0.0055576065723141116,9.641507148216988e-09,0.02390199527144432,0.15166819018126776,0.3449650988713594,0.0,1.0,5.85332459642519e-06,2.637650554860777e-05,0.0,0.0005469418247230351,7.836162533408845e-07,1.1958672959910235e-05,0.0,0.000701671582646668,3.705065314875198e-08,1.092910698958408e-07,0.0,1.0329437145628617e-06,3.201176432052171,5.099329092845673e-09,1.9573549970694472e-08,0.0,3.260259120452247e-07,0.44058203362186615,4.214998224159765e-08,1.131855264454109e-07,0.0,1.0329501440630232e-06,3.641758465674037
ARM97_qmc,mac,run_e3sm_scm_ARM97_qmc64_0706_015,digitalnetb2,QMCPy DigitalNetB2,20260428,15,digitalnetb2,0.0056102434,0.0056102433676321,0.0036235628,0.0036235628042526,0.093674466D0,0.0936744660406048,-0.00184234825,-0.0018423482487372,8.24226738e-06,8.242267381610085e-06,0.2153291D0,0.2153291025543695,12106.322,12106.322472794429,1329.7804,1329.7804135231818,1.0915268D0,1.0915268108476894,0.49473893,0.4947389347677891,6.6389766,6.63897656633211,2.8766084,2.876608436333172,1.3696798D0,1.3696797983976905,0.84470159,0.8447015887253762,1.5109293,1.510929261361052,6.4249974,6.424997395477115,0.15402927,0.1540292693193138,/Users/yunlong/Workshop/SCM-UQ-Workflow/cases/run_e3sm_scm_ARM97_qmc64_0706/output/ARM97_qmc_015.nc,1249,1997-06-19 23:29:45,1997-07-15 23:29:45,301.6946052203091,3.743392714405315,292.64093017578125,311.3511047363281,49.144083013908684,9.004325733248878,27.998565673828125,71.58361053466797,0.9125539121618381,0.2325568957703315,0.0,1.0,159.86309728204154,220.00037211783746,0.0,858.2974243164062,29.125520946426665,14.748579746818832,-4.293554306030273,70.72357940673828,112.98614130941651,103.9257962906717,-32.756385803222656,370.2933044433594,36.71611922112709,50.58168982644641,-48.19628143310547,178.625732421875,96863.85649144315,329.1931532888907,96062.953125,97540.140625,298.97400674445805,1.588044389005983,295.1214294433594,302.9514465332031,245.0731238080369,35.96628090917527,194.41018676757812,312.20513916015625,0.003896866362300536,0.005804867223921884,1.2586275355275234e-09,0.022840401157736778,0.13956651105932918,0.3048586903225683,0.0,1.0,7.3314933262543095e-06,3.108571133075245e-05,0.0,0.0005240339669398963,1.125929346474284e-06,1.1695578974693975e-05,0.0,0.00045374775072559714,3.0677639334999426e-08,7.182786266392188e-08,0.0,5.270072733765119e-07,2.6505480385439504,8.453388312747595e-09,2.6993794374246093e-08,0.0,3.572167770471424e-07,0.7303727502213923,3.913102764774702e-08,8.506291051296778e-08,0.0,7.740102603293053e-07,3.3809207887653425
ARM97_qmc,mac,run_e3sm_scm_ARM97_qmc64_0706_016,digitalnetb2,QMCPy DigitalNetB2,20260428,16,digitalnetb2,0.0012146682,0.0012146682295273,0.0020698429,0.0020698429354302,0.061264702D0,0.0612647021787076,-0.00020497479,-0.0002049747903859,3.31928107e-06,3.319281069272132e-06,0.15547198D0,0.1554719832973974,9045.1421,9045.142103591255,429.09428,429.0942753619248,1.0980659D0,1.098065852864266,0.47595615,0.4759561483917424,5.3721861,5.372186082182125,1.9362526,1.9362526171313583,1.6727765D0,1.6727765437691449,0.45403989,0.4540398946611487,4.995237,4.995236983795474,7.4500792,7.4500791963476924,0.12885735,0.1288573465715057,/Users/yunlong/Workshop/SCM-UQ-Workflow/cases/run_e3sm_scm_ARM97_qmc64_0706/output/ARM97_qmc_016.nc,1249,1997-06-19 23:29:45,1997-07-15 23:29:45,301.0008450608143,3.5497020778604753,292.5589294433594,308.51580810546875,41.244615186778326,5.745995265145069,25.21738624572754,58.400142669677734,0.8310244679934452,0.3102024041521545,0.0,1.0,192.26503293515682,242.68371031862196,-4.440892098500626e-16,866.6810913085938,39.40183882850757,14.412127789444005,3.653815984725952,81.8046875,112.98614130941651,103.9257962906717,-32.756385803222656,370.2933044433594,36.71611922112709,50.58168982644641,-48.19628143310547,178.625732421875,96863.85649144315,329.1931532888907,96062.953125,97540.140625,298.97400674445805,1.588044389005983,295.1214294433594,302.9514465332031,245.50171033937136,35.89457280385083,198.96487426757812,310.4783020019531,0.0033778232383852797,0.005165855430341072,9.543398071798492e-09,0.02390209212899208,0.10474553427662713,0.26323572454456723,0.0,1.0,4.171907137381462e-06,1.990448893777388e-05,0.0,0.0007892823196016252,4.835442543056685e-07,1.0216493987296818e-05,0.0,0.0007129440782591701,4.26865606759728e-08,1.0699018524074553e-07,0.0,8.272688774013659e-07,3.68811884240405,2.8982522819775314e-09,1.0879065608781889e-08,0.0,1.4559023497895396e-07,0.2504089971628587,4.558481295795033e-08,1.0855678082842082e-07,0.0,8.519924961092329e-07,3.938527839566909
ARM97_qmc,mac,run_e3sm_scm_ARM97_qmc64_0706_017,digitalnetb2,QMCPy DigitalNetB2,20260428,17,digitalnetb2,0.0039683432,0.003968343151087,0.0038802149,0.0038802149277618,0.041453453D0,0.0414534533451405,-0.00141618972,-0.0014161897218432,9.06959805e-06,9.06959804625399e-06,0.341571D0,0.3415709973368978,5864.3072,5864.307211909087,1221.307,1221.307044394685,1.0059029D0,1.0059028998641883,0.15329766,0.1532976583135581,2.4391879,2.439187891697561,2.9786741,2.978674096253724,0.94323799D0,0.9432379943111768,0.81893902,0.8189390238954124,1.3805538,1.3805538412842455,4.9382252,4.938225196373392,0.25692169,0.2569216886562366,/Users/yunlong/Workshop/SCM-UQ-Workflow/cases/run_e3sm_scm_ARM97_qmc64_0706/output/ARM97_qmc_017.nc,1249,1997-06-19 23:29:45,1997-07-15 23:29:45,301.62523280343026,3.8152126278572562,292.02337646484375,311.0316467285156,47.30445216921829,7.9129958963898614,27.970672607421875,70.11638641357422,0.9478526794297203,0.2085115760425044,0.0,1.0,179.83448511384745,237.5567750880576,0.0,855.8012084960938,31.357939080277227,13.93532437835259,-0.9453482627868652,70.50440216064453,112.98614130941651,103.9257962906717,-32.756385803222656,370.2933044433594,36.71611922112709,50.58168982644641,-48.19628143310547,178.625732421875,96863.85649144315,329.1931532888907,96062.953125,97540.140625,298.97400674445805,1.588044389005983,295.1214294433594,302.9514465332031,245.16262360107814,35.86568298155586,192.52931213378906,311.7435302734375,0.0037696221466177746,0.005622419872832954,5.291603599744121e-09,0.022375352680683136,0.14807152102798402,0.34046405361244536,0.0,1.0,5.9788527137683355e-06,2.7198850687051532e-05,0.0,0.0006131459958851337,1.5116278636729986e-06,1.5379619273974663e-05,0.0,0.0006634837482124567,3.511260577720119e-08,9.898199987943613e-08,0.0,8.192776590476569e-07,3.033729139150183,5.92459478965159e-09,1.876442565787292e-08,0.0,2.2151517953261646e-07,0.5118849898258974,4.103720056685278e-08,1.053780741517518e-07,0.0,9.557737854493098e-07,3.54561412897608
ARM97_qmc,mac,run_e3sm_scm_ARM97_qmc64_0706_018,digitalnetb2,QMCPy DigitalNetB2,20260428,18,digitalnetb2,0.0023855577,0.0023855577137179,0.0053744341,0.0053744340810759,0.038163917D0,0.0381639166585178,-0.00180545512,-0.0018054551215387,2.8291475e-06,2.8291474986584697e-06,0.25402837D0,0.2540283655661002,4042.3911,4042.3911458045977,776.76523,776.7652296351548,1.0717546D0,1.071754637836674,0.35720438,0.3572043794255924,7.2662694,7.266269362368968,1.0287318,1.0287317928269153,0.68055193D0,0.6805519297308242,1.0221646,1.0221645879828427,3.1945788,3.1945787609111336,3.4612259,3.4612259193366386,0.24881213,0.2488121330960548,/Users/yunlong/Workshop/SCM-UQ-Workflow/cases/run_e3sm_scm_ARM97_qmc64_0706/output/ARM97_qmc_018.nc,1249,1997-06-19 23:29:45,1997-07-15 23:29:45,302.3467611247201,3.352170291176084,293.21038818359375,309.9911804199219,44.78598553433812,6.988930337521545,26.92072296142578,64.44208526611328,0.9166998850478675,0.22673667905115583,0.0,1.0,199.41241091349013,247.95492221348766,-4.440892098500626e-16,855.7115478515625,31.805032078388503,15.183507882653952,-8.125194549560547,69.95547485351562,112.98614130941651,103.9257962906717,-32.756385803222656,370.2933044433594,36.71611922112709,50.58168982644641,-48.19628143310547,178.625732421875,96863.85649144315,329.1931532888907,96062.953125,97540.140625,298.97400674445805,1.588044389005983,295.1214294433594,302.9514465332031,245.2154097704433,36.24413328992244,197.92507934570312,310.8371887207031,0.0037126683824766984,0.005682248614468777,8.968163101030768e-09,0.02201652340590954,0.11972565646156981,0.29677400961832007,0.0,1.0,5.982050322018071e-06,2.6671505844078395e-05,0.0,0.0005048261373303831,5.997044358461003e-07,1.1179748698493655e-05,0.0,0.0007940678624436259,3.8505484139848285e-08,1.1583313554492024e-07,0.0,1.1483623438834911e-06,3.326873829682892,3.901119967194259e-09,1.6116029739022803e-08,0.0,2.2925625842162844e-07,0.33705676516558397,4.240660410704254e-08,1.1885917671227645e-07,0.0,1.1491159108145688e-06,3.663930594848476
ARM97_qmc,mac,run_e3sm_scm_ARM97_qmc64_0706_019,digitalnetb2,QMCPy DigitalNetB2,20260428,19,digitalnetb2,0.0052962509,0.0052962509196672,0.0033884385,0.0033884385040892,0.098346259D0,0.0983462592458637,-0.000773408439,-0.0007734084386438,5.9862204e-06,5.986220397643705e-06,0.54916257D0,0.5491625660901612,13424.702,13424.702273058429,1068.4584,1068.4584469885606,1.026419D0,1.0264190145721157,0.28455018,0.2845501786700516,4.9514704,4.951470438192505,2.0722478,2.072247842568272,1.421806D0,1.421806011259776,0.71178479,0.71178479356991,2.6812101,2.681210145609862,5.9585094,5.958509376466819,0.36665382,0.3666538209861932,/Users/yunlong/Workshop/SCM-UQ-Workflow/cases/run_e3sm_scm_ARM97_qmc64_0706/output/ARM97_qmc_019.nc,1249,1997-06-19 23:29:45,1997-07-15 23:29:45,301.6064136709758,3.4625655310091847,292.85784912109375,310.27886962890625,48.373243447968825,8.773940253875644,27.878103256225586,71.72169494628906,0.9818388531401389,0.09908226172247435,0.00018846409511752427,1.0,175.41458301042155,234.62007557185825,0.0,846.93212890625,29.961022832671745,14.370162519317239,-3.6993041038513184,68.11981201171875,112.98614130941651,103.9257962906717,-32.756385803222656,370.2933044433594,36.71611922112709,50.58168982644641,-48.19628143310547,178.625732421875,96863.85649144315,329.1931532888907,96062.953125,97540.140625,298.97400674445805,1.588044389005983,295.1214294433594,302.9514465332031,245.27796176149906,35.99797758056212,194.7126922607422,311.4388122558594,0.0039123210294371505,0.00589276246742069,6.666645901987067e-09,0.024142855778336525,0.15398637596606035,0.33568457185089795,0.0,1.0,5.457932149741687e-06,2.247157432694236e-05,0.0,0.00036931512295268476,7.506072590169991e-07,9.425699210758768e-06,0.0,0.0006822147988714278,3.248526921120685e-08,7.372303285006306e-08,0.0,4.755099496378534e-07,2.806727259848272,7.1828405807519896e-09,2.8773805106530938e-08,0.0,3.281992349002394e-07,0.6205974261769719,3.966810979195884e-08,8.586354803420964e-08,0.0,7.660773349016381e-07,3.4273246860252438
ARM97_qmc,mac,run_e3sm_scm_ARM97_qmc64_0706_020,digitalnetb2,QMCPy DigitalNetB2,20260428,20,digitalnetb2,0.0019240945,0.0019240945268327,0.0047060107,0.0047060107164335,0.082899223D0,0.0828992228699095,-0.000464434353,-0.0004644343530348,4.79705525e-06,4.797055250134163e-06,0.27705755D0,0.2770575527201319,6801.991,6801.991025669788,1371.4666,1371.466630518686,1.0203935D0,1.020393512148701,0.24527566,0.2452756582083435,3.0730037,3.0730036780996315,1.6770508,1.6770508091787355,1.119133D0,1.1191329978572513,0.63273572,0.6327357217335035,4.471733,4.471732991872855,7.2073205,7.207320477189923,0.1459181,0.1459181036177013,/Users/yunlong/Workshop/SCM-UQ-Workflow/cases/run_e3sm_scm_ARM97_qmc64_0706/output/ARM97_qmc_020.nc,1249,1997-06-19 23:29:45,1997-07-15 23:29:45,301.1815818133022,3.5165923196746967,292.3792724609375,309.1484680175781,44.46049770266653,6.569701487243333,27.148887634277344,65.75096893310547,0.959749226596378,0.18249322345411242,0.0,1.0,177.06008117548745,237.88266372249052,-4.440892098500626e-16,859.9132690429688,32.46652289067773,15.595404023976394,-3.694669008255005,71.35307312011719,112.98614130941651,103.9257962906717,-32.756385803222656,370.2933044433594,36.71611922112709,50.58168982644641,-48.19628143310547,178.625732421875,96863.85649144315,329.1931532888907,96062.953125,97540.140625,298.97400674445805,1.588044389005983,295.1214294433594,302.9514465332031,245.27605300411594,35.93917870878974,197.9880828857422,310.315673828125,0.003641170271305961,0.005544080479784414,5.8470055463999415e-09,0.024098606780171394,0.1422071681805725,0.32833901330506166,0.0,1.0,5.6464225241710725e-06,2.6101629985653562e-05,0.0,0.0005875697243027389,8.096961519886083e-07,1.1210772463721581e-05,0.0,0.0007321887533180416,3.900373884442455e-08,9.815941522806385e-08,0.0,6.164283945508942e-07,3.369923036158281,4.871065820738419e-09,2.071352126517712e-08,0.0,3.7705473232563236e-07,0.42086008691179944,4.387480466516297e-08,1.0295477678430595e-07,0.0,6.540027257528891e-07,3.7907831230700806
ARM97_qmc,mac,run_e3sm_scm_ARM97_qmc64_0706_021,digitalnetb2,QMCPy DigitalNetB2,20260428,21,digitalnetb2,0.0044832249,0.0044832249305571,0.0014698386,0.0014698386401762,0.023102623D0,0.0231026225884898,-0.00115693037,-0.0011569303680897,8.77048229e-06,8.77048228696578e-06,0.529223D0,0.5292230030052161,9872.0274,9872.027406465071,605.02506,605.0250627531647,1.075058D0,1.0750579722913327,0.32261411,0.3226141136077102,6.1385807,6.138580677054566,2.7205668,2.720566838196346,1.8720189D0,1.8720189139517185,1.1118652,1.111865194398813,1.9040431,1.9040431033470635,4.7100977,4.710097666489482,0.31837668,0.3183766839983293,/Users/yunlong/Workshop/SCM-UQ-Workflow/cases/run_e3sm_scm_ARM97_qmc64_0706/output/ARM97_qmc_021.nc,1249,1997-06-19 23:29:45,1997-07-15 23:29:45,301.79993010521696,3.743527613596519,292.58544921875,311.5226745605469,48.05727341272432,8.139153897325528,27.98895263671875,68.4554443359375,0.9024716213235668,0.23590823557177498,0.0,1.0,185.3272107241629,238.09323679501517,-4.440892098500626e-16,851.8375854492188,32.22170043460133,13.4912051379718,-1.7473887205123901,72.34081268310547,112.98614130941651,103.9257962906717,-32.756385803222656,370.2933044433594,36.71611922112709,50.58168982644641,-48.19628143310547,178.625732421875,96863.85649144315,329.1931532888907,96062.953125,97540.140625,298.97400674445805,1.588044389005983,295.1214294433594,302.9514465332031,245.13838954296372,35.782966453136815,196.7269744873047,312.1163024902344,0.003814281793937185,0.005669941262326125,1.0291220320368666e-08,0.020970184355974197,0.12602916741181225,0.29887035263337447,0.0,1.0,5.6838085116533095e-06,2.5082748951496312e-05,0.0,0.0004803423653356731,1.0484231022273542e-06,1.247523291265442e-05,0.0,0.0006816932000219822,3.219434214626068e-08,7.969696006746422e-08,0.0,5.349248795027961e-07,2.7815911614369226,8.223039855784241e-09,3.3928995862274346e-08,0.0,4.439310998805013e-07,0.7104706435397584,4.041738200204492e-08,9.48286791707129e-08,0.0,9.245518128864205e-07,3.4920618049766814
ARM97_qmc,mac,run_e3sm_scm_ARM97_qmc64_0706_022,digitalnetb2,QMCPy DigitalNetB2,20260428,22,digitalnetb2,0.0029407039,0.0029407038511109,0.0026504944,0.0026504944320846,0.057291113D0,0.0572911129452656,-0.00172513571,-0.0017251357065655,7.57457784e-07,7.574577844277463e-07,0.063559568D0,0.0635595675290959,12584.299,12584.29863678676,884.46899,884.4689884684635,1.0470831D0,1.0470831331833694,0.11402008,0.1140200831366791,3.5608799,3.560879851061017,1.2720874,1.27208737818411,1.6212773D0,1.6212772633218049,0.94731011,0.9473101107661022,3.717946,3.717945960173992,3.6871993,3.687199318580439,0.17652686,0.1765268582962744,/Users/yunlong/Workshop/SCM-UQ-Workflow/cases/run_e3sm_scm_ARM97_qmc64_0706/output/ARM97_qmc_022.nc,1249,1997-06-19 23:29:45,1997-07-15 23:29:45,303.21021722162885,3.4384123790463916,293.7019348144531,312.5428466796875,41.88265800017944,7.050536615669844,26.635766983032227,63.72254943847656,0.9496114919382204,0.17228967487759225,0.0,1.0,190.99421027801435,246.68990595373282,-2.220446049250313e-16,865.3465576171875,31.992420374679032,15.815118435517462,-7.052006721496582,69.4072494506836,112.98614130941651,103.9257962906717,-32.756385803222656,370.2933044433594,36.71611922112709,50.58168982644641,-48.19628143310547,178.625732421875,96863.85649144315,329.1931532888907,96062.953125,97540.140625,298.97400674445805,1.588044389005983,295.1214294433594,302.9514465332031,245.5006612122584,36.792036407521074,195.58026123046875,313.5992736816406,0.003414043315144208,0.005244245938096176,1.0003136985403671e-08,0.022040793672204018,0.13355470952209816,0.3174004645615387,0.0,1.0,5.343615421190246e-06,2.3840278120366315e-05,0.0,0.0005711004487238824,4.2512579978519806e-07,9.120820643621131e-06,0.0,0.0008523514261469245,4.1242900494360306e-08,9.543082577264251e-08,0.0,8.327826890308643e-07,3.5633866027127303,2.3763267145048953e-09,8.10470795106711e-09,0.0,7.693137149544782e-08,0.20531462813322296,4.361922720886521e-08,9.689063554666435e-08,0.0,8.328661083717437e-07,3.768701230845954
ARM97_qmc,mac,run_e3sm_scm_ARM97_qmc64_0706_023,digitalnetb2,QMCPy DigitalNetB2,20260428,23,digitalnetb2,0.005967816,0.0059678159693177,0.0057107282,0.0057107282216397,0.077497869D0,0.0774978694851206,-0.000853471443,-0.0008534714432775,6.87896136e-06,6.87896135774992e-06,0.43012733D0,0.4301273312956043,3115.9185,3115.91853651823,634.69637,634.6963738042307,1.0549203D0,1.0549202875138293,0.44136894,0.4413689372875761,7.2445646,7.244564608641768,2.3145088,2.314508818425577,0.85667582D0,0.8566758152439424,0.30116066,0.3011606595746739,2.1578282,2.157828231512284,6.1991497,6.199149728035677,0.35807985,0.358079848174816,/Users/yunlong/Workshop/SCM-UQ-Workflow/cases/run_e3sm_scm_ARM97_qmc64_0706/output/ARM97_qmc_023.nc,1249,1997-06-19 23:29:45,1997-07-15 23:29:45,300.24851675774215,3.4073183911207194,291.98846435546875,307.6640625,45.35826303712648,7.558094658269571,27.344728469848633,66.53077697753906,0.9589572529202428,0.14591181764888686,0.0007541176746599376,1.0,187.35963264126792,244.21147734303392,0.0,859.0792846679688,36.41401616729098,14.730580924607313,-5.09248685836792,74.32835388183594,112.98614130941651,103.9257962906717,-32.756385803222656,370.2933044433594,36.71611922112709,50.58168982644641,-48.19628143310547,178.625732421875,96863.85649144315,329.1931532888907,96062.953125,97540.140625,298.97400674445805,1.588044389005983,295.1214294433594,302.9514465332031,245.16108080922746,35.59284913934709,195.90325927734375,308.24298095703125,0.0037200805702212346,0.005679060647571474,7.314060468388561e-09,0.023636193946003914,0.13709488018345217,0.31364353777736254,0.0,1.0,5.944169405342142e-06,2.872994383721863e-05,0.0,0.0008570295758545399,6.958333515895525e-07,1.2318524317371517e-05,0.0,0.0007314294925890863,3.568424218109176e-08,1.0381526956404378e-07,0.0,8.086211664704024e-07,3.083118524446328,5.9688611310271344e-09,2.0316646692297543e-08,0.0,3.3609853744565044e-07,0.5157096017207444,4.1653103312118895e-08,1.0913442802008668e-07,0.0,8.548571912569969e-07,3.5988281261670725
ARM97_qmc,mac,run_e3sm_scm_ARM97_qmc64_0706_024,digitalnetb2,QMCPy DigitalNetB2,20260428,24,digitalnetb2,0.001341492,0.0013414919903697,0.0056616804,0.0056616803669745,0.049931082D0,0.049931082465316,-0.000581276597,-0.0005812765967628,7.82153158e-06,7.821531581565467e-06,0.10788479D0,0.1078847879985286,4947.6037,4947.603713481334,826.24214,826.2421429586791,1.0680746D0,1.0680746215602228,0.14872345,0.1487234546116568,5.7131223,5.713122292270476,1.5480132,1.548013195250406,1.2773439D0,1.2773439203529384,0.77873782,0.7787378227901318,2.4835504,2.483550436691896,3.2909952,3.290995172833375,0.33794872,0.3379487201022919,/Users/yunlong/Workshop/SCM-UQ-Workflow/cases/run_e3sm_scm_ARM97_qmc64_0706/output/ARM97_qmc_024.nc,1249,1997-06-19 23:29:45,1997-07-15 23:29:45,301.3748343156947,3.2414832188764713,291.9816589355469,309.6336975097656,45.167845940570814,7.664787122369824,27.517215728759766,67.55846405029297,0.959339395151422,0.12920522082808372,1.0214867529612093e-07,1.0,182.12742981312272,230.8241768656435,-4.440892098500626e-16,848.68115234375,33.40629961051113,13.762086271346975,-0.43608784675598145,74.54186248779297,112.98614130941651,103.9257962906717,-32.756385803222656,370.2933044433594,36.71611922112709,50.58168982644641,-48.19628143310547,178.625732421875,96863.85649144315,329.1931532888907,96062.953125,97540.140625,298.97400674445805,1.588044389005983,295.1214294433594,302.9514465332031,245.17212494895207,35.85759208816175,196.87335205078125,310.7084045410156,0.0036768596659293045,0.005584620640629995,5.855551155065086e-09,0.021591035649180412,0.1327034217830637,0.30502813169412385,0.0,1.0,5.233297824722628e-06,2.3421516140650363e-05,0.0,0.0005611482192762196,1.034874590630681e-06,1.4576966110960855e-05,0.0,0.0008648141520097852,3.675895835135662e-08,1.1136493357077032e-07,0.0,1.0740359357441776e-06,3.1759740015572118,4.5404347599739255e-09,1.911251247734654e-08,0.0,3.689677896545618e-07,0.3922935632617472,4.129939311133055e-08,1.1406458941710482e-07,0.0,1.0796609117846856e-06,3.5682675648189592
ARM97_qmc,mac,run_e3sm_scm_ARM97_qmc64_0706_025,digitalnetb2,QMCPy DigitalNetB2,20260428,25,digitalnetb2,0.0037437666,0.0037437666435744,0.0024670357,0.0024670357433487,0.069820761D0,0.0698207614845596,-0.00199752083,-0.0019975208252623,4.37310853e-06,4.373108533146161e-06,0.42020648D0,0.4202064759901566,14317.706,14317.706280672592,1085.1191,1085.1191037595502,1.0352868D0,1.0352867840641806,0.42137584,0.4213758435026367,2.0748371,2.074837064249878,2.5993455,2.5993455296602437,0.54194421D0,0.5419442061689443,0.47017418,0.4701741771414418,3.8921789,3.892178906138642,5.7736302,5.773630231017568,0.20134594,0.2013459401254676,/Users/yunlong/Workshop/SCM-UQ-Workflow/cases/run_e3sm_scm_ARM97_qmc64_0706/output/ARM97_qmc_025.nc,1249,1997-06-19 23:29:45,1997-07-15 23:29:45,300.99405493633185,3.6895969229631835,291.9734802246094,309.7301940917969,47.36664314819776,7.979859191960118,27.832944869995117,67.97332763671875,0.9831856235778265,0.08178106269209189,0.08189038187265396,1.0,183.80798478284962,241.18553646016383,0.0,865.7431640625,32.678250342840144,14.661368155432024,-2.35589337348938,69.19664001464844,112.98614130941651,103.9257962906717,-32.756385803222656,370.2933044433594,36.71611922112709,50.58168982644641,-48.19628143310547,178.625732421875,96863.85649144315,329.1931532888907,96062.953125,97540.140625,298.97400674445805,1.588044389005983,295.1214294433594,302.9514465332031,246.00413169616505,35.55565483332507,193.75086975097656,310.9313049316406,0.003873120586061086,0.005883184505926417,6.170004063221768e-09,0.02423803322017193,0.13920222864798695,0.3224286760020571,0.0,1.0,6.042259404008131e-06,2.5404030441487238e-05,0.0,0.00042512561776675284,5.679709066668964e-07,8.052753350531697e-06,0.0,0.0006169397966004908,3.348879539391873e-08,7.212410713991596e-08,0.0,4.5373684542937553e-07,2.893431922034578,5.974432113826067e-09,2.533533080155046e-08,0.0,2.6596600832817785e-07,0.5161909346345722,3.94632275077448e-08,8.201822030975417e-08,0.0,5.887947764904311e-07,3.409622856669151
ARM97_qmc,mac,run_e3sm_scm_ARM97_qmc64_0706_026,digitalnetb2,QMCPy DigitalNetB2,20260428,26,digitalnetb2,0.0028250643,0.0028250643490804,0.0011479827,0.0011479827107862,0.090571751D0,0.0905717509428954,-0.00137067796,-0.0013706779628036,7.04756361e-06,7.04756361094563e-06,0.30151589D0,0.3015158893578011,8164.4443,8164.444285508371,412.94657,412.9465661669687,1.0886598D0,1.0886597822771078,0.21746911,0.217469110375001,7.6540929,7.654092910575459,1.3935261,1.3935261151520155,0.98261167D0,0.9826116717570984,0.6887806,0.6887806042388385,1.7060818,1.7060817555113517,7.8952733,7.895273264731924,0.30324611,0.3032461144231354,/Users/yunlong/Workshop/SCM-UQ-Workflow/cases/run_e3sm_scm_ARM97_qmc64_0706/output/ARM97_qmc_026.nc,1249,1997-06-19 23:29:45,1997-07-15 23:29:45,301.2431128007875,3.5370874922774047,292.3573303222656,310.3968200683594,46.73358561880021,7.666039419818903,27.901578903198242,68.76505279541016,0.9341673955327114,0.16239514601974706,0.00012498766591306776,1.0,168.67449845520375,230.64727004161836,0.0,856.6463012695312,31.139243473915503,14.293022196637624,-2.2695751190185547,71.70081329345703,112.98614130941651,103.9257962906717,-32.756385803222656,370.2933044433594,36.71611922112709,50.58168982644641,-48.19628143310547,178.625732421875,96863.85649144315,329.1931532888907,96062.953125,97540.140625,298.97400674445805,1.588044389005983,295.1214294433594,302.9514465332031,245.07342115574784,35.81997861498742,193.81430053710938,311.5326843261719,0.0037614081040260065,0.005657609741218803,1.0154145080321086e-08,0.023499246686697006,0.13354609939236334,0.297910942907121,0.0,1.0,6.267518327449404e-06,2.7591722888964272e-05,0.0,0.00047888385597616434,1.415990384919553e-06,1.5819450647015817e-05,0.0,0.0008151738438755274,3.302666652806497e-08,8.707216595820449e-08,0.0,6.744805887137773e-07,2.8535039880248134,7.826175163203032e-09,3.1345932419183185e-08,0.0,3.7325412449717987e-07,0.676181534100742,4.0852841691268e-08,9.807405791029296e-08,0.0,6.744805888415126e-07,3.5296855221255554
ARM97_qmc,mac,run_e3sm_scm_ARM97_qmc64_0706_027,digitalnetb2,QMCPy DigitalNetB2,20260428,27,digitalnetb2,0.0047590319,0.0047590319197837,0.004166698,0.0041666979930631,0.030467228D0,0.0304672281908277,-0.000250496514,-0.0002504965144509,1.59094898e-06,1.5909489791897455e-06,0.47042742D0,0.4704274236134041,4996.0102,4996.010208763626,1172.3426,1172.342574058057,1.0089492D0,1.0089492476137227,0.34012941,0.3401294125041934,4.5401865,4.540186496172204,2.4437563,2.443756250015811,1.7297276D0,1.7297276332213016,1.0553792,1.055379203002086,4.1696457,4.169645668877106,5.3883021,5.388302115537652,0.15636046,0.1563604646591296,/Users/yunlong/Workshop/SCM-UQ-Workflow/cases/run_e3sm_scm_ARM97_qmc64_0706/output/ARM97_qmc_027.nc,1249,1997-06-19 23:29:45,1997-07-15 23:29:45,302.8678429071382,3.648766825347468,292.8565673828125,310.3348388671875,41.17409415355771,6.738942206581638,23.228530883789062,60.61736297607422,0.9364889057707115,0.23124901588569266,0.0,1.0,196.78751556710114,249.6985409430681,0.0,861.7408447265625,34.62095247809771,18.325657410361163,-11.45475959777832,77.78004455566406,112.98614130941651,103.9257962906717,-32.756385803222656,370.2933044433594,36.71611922112709,50.58168982644641,-48.19628143310547,178.625732421875,96863.85649144315,329.1931532888907,96062.953125,97540.140625,298.97400674445805,1.588044389005983,295.1214294433594,302.9514465332031,245.7334228303358,36.34235210279993,197.22067260742188,310.4772033691406,0.003358975024063377,0.0051059631685321395,7.847642535807609e-09,0.02305298112332821,0.13231531970542357,0.3279308138312146,0.0,1.0,5.48693338841884e-06,2.650739920485087e-05,0.0,0.0006667066481895745,6.540239892020222e-07,1.1552795238892257e-05,0.0,0.0009528607479296625,4.203863474928052e-08,1.2245328375621448e-07,0.0,1.3547818298320635e-06,3.6321380423378367,4.323047929146127e-09,2.0040262462898702e-08,0.0,3.0292889618976915e-07,0.37351134107822537,4.636168267842665e-08,1.2496820893715016e-07,0.0,1.3561537638429044e-06,4.0056493834160625
ARM97_qmc,mac,run_e3sm_scm_ARM97_qmc64_0706_028,digitalnetb2,QMCPy DigitalNetB2,20260428,28,digitalnetb2,0.0020316447,0.0020316447228817,0.0029888577,0.0029888576758939,0.02579656D0,0.0257965597057777,-0.00104927255,-0.00104927254698,9.90613711e-06,9.906137109741952e-06,0.19241492D0,0.1924149247769826,11711.58,11711.580014469804,999.57503,999.5750314064398,1.03808D0,1.03807998999778,0.38014852,0.3801485230374565,3.4125208,3.4125208221560994,1.8074935,1.807493475986151,0.71770331D0,0.717703311160492,1.1906803,1.1906802591366077,2.9914142,2.991414161905558,4.139222,4.139222046044118,0.38680606,0.3868060591960046,/Users/yunlong/Workshop/SCM-UQ-Workflow/cases/run_e3sm_scm_ARM97_qmc64_0706/output/ARM97_qmc_028.nc,1249,1997-06-19 23:29:45,1997-07-15 23:29:45,301.54056707279886,3.6643489323149545,292.303955078125,311.00341796875,49.43780070748493,9.190994511739172,28.007915496826172,72.46638488769531,0.9774456878422337,0.1194742896667014,0.0,1.0,181.38751792171604,232.78564241102723,0.0,860.3345947265625,31.48685054692199,14.051444536201366,-2.6436104774475098,70.83905029296875,112.98614130941651,103.9257962906717,-32.756385803222656,370.2933044433594,36.71611922112709,50.58168982644641,-48.19628143310547,178.625732421875,96863.85649144315,329.1931532888907,96062.953125,97540.140625,298.97400674445805,1.588044389005983,295.1214294433594,302.9514465332031,245.06165810165834,35.845497535744734,193.54808044433594,311.6942138671875,0.003926824911045141,0.005853121155855884,8.554940755800544e-09,0.022118588909506798,0.14600002134814907,0.3307286053588448,0.0,1.0,6.120160636471911e-06,2.5414664067490434e-05,0.0,0.0006056498386897147,1.0627119249851966e-06,1.0758167612320549e-05,0.0,0.00047333541442640126,3.0426781249830076e-08,7.509136998424344e-08,0.0,5.418554565039813e-07,2.6288738999853187,7.922572161442227e-09,2.8329986371457106e-08,0.0,2.8760004511241277e-07,0.6845102347486084,3.8349353411272306e-08,8.840003816005049e-08,0.0,5.964968607941046e-07,3.3133841347339272
ARM97_qmc,mac,run_e3sm_scm_ARM97_qmc64_0706_029,digitalnetb2,QMCPy DigitalNetB2,20260428,29,digitalnetb2,0.0043171751,0.0043171750969743,0.0047577398,0.0047577397716138,0.08567159D0,0.0856715901740379,-0.00152931739,-0.0015293173898847,3.48455417e-06,3.4845541719725725e-06,0.57617021D0,0.5761702093055776,2230.7991,2230.799093396514,716.97815,716.9781512659123,1.0583694D0,1.0583693719242948,0.25280396,0.2528039604902389,5.7756489,5.775648915551476,2.8577236,2.8577236311080316,1.4764475D0,1.4764475308869145,0.54283134,0.5428313386257431,3.3842994,3.384299378298219,6.6462896,6.646289606773649,0.2239731,0.2239731034200089,/Users/yunlong/Workshop/SCM-UQ-Workflow/cases/run_e3sm_scm_ARM97_qmc64_0706/output/ARM97_qmc_029.nc,1249,1997-06-19 23:29:45,1997-07-15 23:29:45,301.36002503174416,3.40280860655871,292.7889709472656,308.2820129394531,44.296075258949834,7.344065269653716,26.826669692993164,66.44730377197266,0.9376737410723806,0.2066355689426815,0.0,1.0,177.19168404844686,237.153533864464,-8.881784197001252e-16,853.2507934570312,32.275398722737194,15.220379657426008,-2.8309831619262695,72.97908020019531,112.98614130941651,103.9257962906717,-32.756385803222656,370.2933044433594,36.71611922112709,50.58168982644641,-48.19628143310547,178.625732421875,96863.85649144315,329.1931532888907,96062.953125,97540.140625,298.97400674445805,1.588044389005983,295.1214294433594,302.9514465332031,245.33673796703377,36.24974273922147,195.3172149658203,310.3655700683594,0.0035991177852436225,0.005527875641539221,6.074162506308767e-09,0.02440463751554489,0.13811484976193622,0.3178935021132928,0.0,1.0,6.309998997238854e-06,2.8435203697219527e-05,0.0,0.000667947402689606,1.0358245719074516e-06,1.3770002273469797e-05,0.0,0.0006704427651129663,3.554918987827166e-08,1.1624143984530008e-07,0.0,1.1232489214307861e-06,3.0714500054826717,5.628054096546049e-09,1.880674405761925e-08,0.0,2.1446696507609886e-07,0.48626387394157866,4.1177243974817714e-08,1.1952747640805247e-07,0.0,1.126053329247867e-06,3.5577138794242504
ARM97_qmc,mac,run_e3sm_scm_ARM97_qmc64_0706_030,digitalnetb2,QMCPy DigitalNetB2,20260428,30,digitalnetb2,0.0033605736,0.0033605735568621,0.0037522596,0.0037522596185738,0.073944552D0,0.0739445519929288,-0.00119877287,-0.0011987728650861,5.55661498e-06,5.556614984133578e-06,0.14810043D0,0.1481004263780601,7699.4167,7699.416658334322,1289.6978,1289.697796660365,1.0178733D0,1.01787325921132,0.461398,0.4613980027876957,3.9471928,3.9471927805879017,1.1494648,1.1494648109179488,1.9286024D0,1.928602362050339,0.39805164,0.3980516423890644,1.1983243,1.1983243053793258,7.024768,7.02476801926697,0.27211355,0.272113547860104,/Users/yunlong/Workshop/SCM-UQ-Workflow/cases/run_e3sm_scm_ARM97_qmc64_0706/output/ARM97_qmc_030.nc,1249,1997-06-19 23:29:45,1997-07-15 23:29:45,300.8243977017552,3.613336566786862,292.2609558105469,309.9789733886719,45.80969074881487,7.755129824841389,27.76798439025879,67.89769744873047,0.937106629457472,0.22542046561073728,0.0,1.0,170.4280742900051,231.27411620037623,0.0,865.8759765625,32.63038740756275,15.032963857780196,-4.956532001495361,69.6280746459961,112.98614130941651,103.9257962906717,-32.756385803222656,370.2933044433594,36.71611922112709,50.58168982644641,-48.19628143310547,178.625732421875,96863.85649144315,329.1931532888907,96062.953125,97540.140625,298.97400674445805,1.588044389005983,295.1214294433594,302.9514465332031,244.9945217476166,35.9660962676042,195.4301300048828,311.255126953125,0.003708599677408683,0.005608074689836755,4.001100145645253e-11,0.024235224351286888,0.15176546349902212,0.33877832685882164,0.0,1.0,6.108315671819725e-06,2.5977363389347e-05,0.0,0.0004618645762093365,9.397220652078885e-07,1.2665620950147048e-05,0.0,0.0006866372423246503,3.401605829282783e-08,8.494373788326761e-08,0.0,6.860435064481862e-07,2.938987436500325,6.099297638064737e-09,2.556378191465731e-08,0.0,3.3113502695414354e-07,0.5269793159287932,4.0115355930892574e-08,9.054951046268424e-08,0.0,7.031113895550334e-07,3.465966752429118
ARM97_qmc,mac,run_e3sm_scm_ARM97_qmc64_0706_031,digitalnetb2,QMCPy DigitalNetB2,20260428,31,digitalnetb2,0.005489411,0.0054894110122553,0.0018077438,0.0018077438100657,0.053815615D0,0.0538156152871879,-0.000422665242,-0.0004226652421479,1.88555609e-06,1.8855560881990283e-06,0.38307836D0,0.383078364608665,10781.662,10781.661593324849,490.43147,490.4314666525214,1.0850853D0,1.0850853143818278,0.18405526,0.1840552559707329,6.8347913,6.834791285388365,2.2007972,2.200797184674346,1.1581419D0,1.1581418949563322,0.87536497,0.8753649660805833,4.6773873,4.677387331174165,4.5421936,4.542193610114806,0.11835253,0.1183525336109693,/Users/yunlong/Workshop/SCM-UQ-Workflow/cases/run_e3sm_scm_ARM97_qmc64_0706/output/ARM97_qmc_031.nc,1249,1997-06-19 23:29:45,1997-07-15 23:29:45,302.3259953421722,3.5124068916394227,292.826171875,310.21588134765625,43.08884394655617,6.333351948534997,25.987653732299805,61.334815979003906,0.8940315870989538,0.25449161169057305,0.0,1.0,199.58224576637684,249.41462733422125,0.0,857.97265625,33.55459650999026,15.600961411314577,-4.569262981414795,73.1631851196289,112.98614130941651,103.9257962906717,-32.756385803222656,370.2933044433594,36.71611922112709,50.58168982644641,-48.19628143310547,178.625732421875,96863.85649144315,329.1931532888907,96062.953125,97540.140625,298.97400674445805,1.588044389005983,295.1214294433594,302.9514465332031,245.47922146677303,36.184733507822806,198.78033447265625,309.898193359375,0.0035408263690549,0.005424054289430607,7.88365550619119e-09,0.024368254467844963,0.11190884382485945,0.27968940245810414,0.0,1.0,4.685444854957708e-06,2.2584738388771695e-05,0.0,0.0007543587125837803,5.802324426665044e-07,1.0315351451390526e-05,0.0,0.0007955097826197743,4.1201394079935676e-08,1.0426980822922072e-07,0.0,7.997667239578732e-07,3.5598004485064427,3.237809560251734e-09,9.482282633680355e-09,0.0,9.884691820616354e-08,0.27974674600574984,4.4439203640187416e-08,1.0567394504786408e-07,0.0,7.998112721771533e-07,3.8395471945121926
ARM97_qmc,mac,run_e3sm_scm_ARM97_qmc64_0706_032,digitalnetb2,QMCPy DigitalNetB2,20260428,32,digitalnetb2,0.0011295105,0.0011295104771144,0.0034932969,0.0034932968675774,0.053304884D0,0.0533048838120117,-0.00146828725,-0.0014682872453499,4.94835229e-06,4.948352290397608e-06,0.51170647D0,0.5117064703453454,3447.6934,3447.693374761496,1361.2722,1361.2722425176148,1.0433983D0,1.0433983406580256,0.4894145,0.4894145047327201,7.1503235,7.150323492145705,2.4797524,2.4797523565699224,1.437801D0,1.437801039979798,1.1447933,1.1447933056835768,2.3374874,2.3374873939851177,7.7358083,7.735808340731288,0.14698894,0.1469889363839742,/Users/yunlong/Workshop/SCM-UQ-Workflow/cases/run_e3sm_scm_ARM97_qmc64_0706/output/ARM97_qmc_032.nc,1249,1997-06-19 23:29:45,1997-07-15 23:29:45,302.28792086403496,3.3793183688770116,292.8701171875,309.8907470703125,44.79489390004435,7.670893476154589,27.235153198242188,66.92927551269531,0.9390396709255453,0.21411779218237953,0.0,1.0,180.12694916061108,238.61983307022183,0.0,863.2899780273438,31.39449756452329,14.960142917109183,-1.4706977605819702,69.68634796142578,112.98614130941651,103.9257962906717,-32.756385803222656,370.2933044433594,36.71611922112709,50.58168982644641,-48.19628143310547,178.625732421875,96863.85649144315,329.1931532888907,96062.953125,97540.140625,298.97400674445805,1.588044389005983,295.1214294433594,302.9514465332031,245.31837732530386,36.15334746688526,193.27561950683594,311.6820983886719,0.0035817138754559072,0.00537618992606316,1.0042091602713299e-08,0.022045781835913658,0.14103856257553793,0.3269870950655681,0.0,1.0,6.133030539224348e-06,2.900006871193212e-05,0.0,0.0006390602211467922,1.1563647491911122e-06,1.5000412954570135e-05,0.0,0.0008644992485642433,3.591506366542723e-08,1.1552022539013946e-07,0.0,1.2504012829595013e-06,3.1030615006929123,5.616361029312996e-09,1.7993610472004706e-08,0.0,2.3859195152908796e-07,0.48525359293264286,4.153142469474022e-08,1.1869239662495971e-07,0.0,1.2504012829595013e-06,3.588315093625555
ARM97_qmc,mac,run_e3sm_scm_ARM97_qmc64_0706_033,digitalnetb2,QMCPy DigitalNetB2,20260428,33,digitalnetb2,0.0040400553,0.0040400552865614,0.0052597236,0.005259723628609,0.073195783D0,0.0731957833818788,-0.000153165386,-0.0001531653860581,8.61918528e-06,8.619185281469946e-06,0.25684067D0,0.2568406688216271,12866.991,12866.990656449236,553.67886,553.6788649383072,1.0605612D0,1.0605611856555823,0.16831823,0.1683182287616946,3.6614181,3.661418073633688,1.4373349,1.4373349095986387,0.70835342D0,0.7083534152699591,0.55313637,0.5531363689792912,3.7882339,3.788233921047758,5.2385813,5.238581348242846,0.31261765,0.3126176516225442,/Users/yunlong/Workshop/SCM-UQ-Workflow/cases/run_e3sm_scm_ARM97_qmc64_0706/output/ARM97_qmc_033.nc,1249,1997-06-19 23:29:45,1997-07-15 23:29:45,300.5080251212689,3.50084126165776,292.4754333496094,308.7021484375,46.01406825839089,7.390164747667214,26.810956954956055,66.34385681152344,0.9531018898738108,0.13286362349387423,0.03444761782884598,1.0,181.44569413198099,233.03855869699615,0.0,831.617919921875,36.142194235678005,14.06774027215797,0.9548517465591431,78.30380249023438,112.98614130941651,103.9257962906717,-32.756385803222656,370.2933044433594,36.71611922112709,50.58168982644641,-48.19628143310547,178.625732421875,96863.85649144315,329.1931532888907,96062.953125,97540.140625,298.97400674445805,1.588044389005983,295.1214294433594,302.9514465332031,245.36637791831365,35.47686365420626,197.8766326904297,309.8702697753906,0.0037045163232821633,0.005561850061784507,1.0000005268295808e-08,0.023177212104201317,0.13199470090342347,0.2991198860713177,0.0,1.0,4.5171202884510216e-06,2.0550959597900857e-05,0.0,0.0005056537338532507,1.0065701880953273e-06,1.2303652137105595e-05,0.0,0.0006847917102277279,3.734208563206133e-08,8.747917333558075e-08,0.0,6.244513883757463e-07,3.2263561986100986,3.7226912569804954e-09,1.4137798943482414e-08,0.0,1.9609269941156526e-07,0.32164052460311476,4.106477688904183e-08,9.038822476555359e-08,0.0,6.267813827953717e-07,3.547996723213214
ARM97_qmc,mac,run_e3sm_scm_ARM97_qmc64_0706_034,digitalnetb2,QMCPy DigitalNetB2,20260428,34,digitalnetb2,0.0024585108,0.0024585108180443,0.0039411376,0.0039411375914454,0.08640712D0,0.086407119959664,-0.000721311382,-0.0007213113824252,6.07322659e-07,6.073226593452584e-07,0.44752535D0,0.4475253504663802,9663.9701,9663.970105697552,931.57043,931.5704294017762,1.0139236D0,1.013923598713002,0.37066246,0.3706624612366715,6.2406953,6.240695320698824,2.5708883,2.570888278182089,1.1971322D0,1.1971322011203536,0.38065707,0.3806570709280522,1.5993292,1.5993291643223229,3.1217929,3.121792929491554,0.19197205,0.1919720471734738,/Users/yunlong/Workshop/SCM-UQ-Workflow/cases/run_e3sm_scm_ARM97_qmc64_0706/output/ARM97_qmc_034.nc,1249,1997-06-19 23:29:45,1997-07-15 23:29:45,302.3184858677958,3.7064663110684704,292.49334716796875,309.85052490234375,41.36392476407884,6.244036048063003,26.18804359436035,59.91855239868164,0.986254210732251,0.09230390107100821,0.0,1.0,195.60874159048328,251.3128181178342,0.0,857.3287963867188,33.53645040080089,16.028608192386166,-6.955802917480469,71.62528228759766,112.98614130941651,103.9257962906717,-32.756385803222656,370.2933044433594,36.71611922112709,50.58168982644641,-48.19628143310547,178.625732421875,96863.85649144315,329.1931532888907,96062.953125,97540.140625,298.97400674445805,1.588044389005983,295.1214294433594,302.9514465332031,245.39352147428392,36.490363547724634,196.4815216064453,310.9508056640625,0.003402937541522479,0.005208825930592125,6.902681093379215e-09,0.02210371196269989,0.13730899192323365,0.3282849504224539,0.0,1.0,5.1582059464589955e-06,2.380280031016615e-05,0.0,0.0004547417920548469,4.727049795132747e-07,9.66111545422249e-06,0.0,0.0006531425751745701,4.279189195461216e-08,1.1811831102627257e-07,0.0,9.569000667397631e-07,3.6972194648784904,2.5149323196768376e-09,8.393081821165412e-09,0.0,1.0868433264477062e-07,0.21729015242007876,4.5306824274288995e-08,1.1924645310683958e-07,0.0,9.592356140508684e-07,3.914509617298569
ARM97_qmc,mac,run_e3sm_scm_ARM97_qmc64_0706_035,digitalnetb2,QMCPy DigitalNetB2,20260428,35,digitalnetb2,0.0052123341,0.0052123341358153,0.0019990873,0.0019990872562361,0.026301377D0,0.0263013766499883,-0.00185726409,-0.0018572640869419,7.02909645e-06,7.029096447926536e-06,0.083624362D0,0.0836243624560984,6446.3413,6446.341308543155,657.3086,657.3086028228066,1.0842591D0,1.084259137804533,0.29957105,0.299571046746319,2.9774093,2.977409300059053,1.5273681,1.5273681366704506,1.9382954D0,1.9382953564140455,0.91427905,0.9142790545181888,4.0263903,4.026390254447183,5.6337416,5.633741560270031,0.3473226,0.3473226040972734,/Users/yunlong/Workshop/SCM-UQ-Workflow/cases/run_e3sm_scm_ARM97_qmc64_0706/output/ARM97_qmc_035.nc,1249,1997-06-19 23:29:45,1997-07-15 23:29:45,301.4501464208476,3.421980583981526,291.78826904296875,308.9616394042969,46.89421457667843,8.322594688893709,27.88949203491211,69.08168029785156,0.9453512646550174,0.12743504357584248,0.06723912805318832,1.0,184.47920682193566,232.8019039147057,-4.440892098500626e-16,863.2799682617188,33.08394530429852,15.874877459382574,-5.077396869659424,73.52819061279297,112.98614130941651,103.9257962906717,-32.756385803222656,370.2933044433594,36.71611922112709,50.58168982644641,-48.19628143310547,178.625732421875,96863.85649144315,329.1931532888907,96062.953125,97540.140625,298.97400674445805,1.588044389005983,295.1214294433594,302.9514465332031,245.01012266065905,35.95383626380169,193.78472900390625,310.681884765625,0.003775750186880879,0.005678039506858405,1.0040100306696331e-08,0.02280961535871029,0.13088120198362335,0.30127607750545576,0.0,1.0,6.214277750731753e-06,2.7659859503415964e-05,0.0,0.0009199601481668651,8.123848337141886e-07,1.245256843644709e-05,0.0,0.0006840595160610974,3.1349687942856536e-08,7.289887677744753e-08,0.0,9.571760983817512e-07,2.7086130382628046,8.195402014111515e-09,3.267370668726214e-08,0.0,3.578815039873007e-07,0.7080827340192349,3.954508995696805e-08,8.720149634636574e-08,0.0,9.68319953109642e-07,3.4166957722820395
ARM97_qmc,mac,run_e3sm_scm_ARM97_qmc64_0706_036,digitalnetb2,QMCPy DigitalNetB2,20260428,36,digitalnetb2,0.0016845464,0.0016845464412322,0.0057816411,0.005781641145037,0.032451611D0,0.0324516105846316,-0.00110488904,-0.0011048890424309,3.46594622e-06,3.4659462177985047e-06,0.35588123D0,0.3558812271242702,12426.898,12426.89791936595,468.13478,468.134784257154,1.0625503D0,1.0625502659501287,0.23338006,0.2333800641241677,4.8496734,4.849673362987608,2.219429,2.2194289643931384,0.50879066D0,0.5087906551738818,0.76843279,0.7684327859342615,2.8139833,2.813983288208332,6.882679,6.8826790411677745,0.12773101,0.1277310098203545,/Users/yunlong/Workshop/SCM-UQ-Workflow/cases/run_e3sm_scm_ARM97_qmc64_0706/output/ARM97_qmc_036.nc,1249,1997-06-19 23:29:45,1997-07-15 23:29:45,301.5282214052492,3.430194432725931,292.0609130859375,310.3116149902344,46.620278061438405,7.874944287784173,27.58377456665039,67.87335968017578,0.9661951846009998,0.1391910474342288,0.0,1.0,191.4913908378113,244.39155851719434,-8.881784197001252e-16,860.9042358398438,33.48747487026181,13.820952609663108,-1.6449363231658936,68.27653503417969,112.98614130941651,103.9257962906717,-32.756385803222656,370.2933044433594,36.71611922112709,50.58168982644641,-48.19628143310547,178.625732421875,96863.85649144315,329.1931532888907,96062.953125,97540.140625,298.97400674445805,1.588044389005983,295.1214294433594,302.9514465332031,245.15142290849892,35.93243607522134,191.54446411132812,311.15966796875,0.0037800837458100652,0.005718978569728331,4.650481333356993e-09,0.023992380127310753,0.13553551072404915,0.3141141684959081,0.0,1.0,6.384557551044394e-06,2.7356642747209843e-05,0.0,0.00042912058415822685,7.629016381966988e-07,1.0588239038292447e-05,0.0,0.0007948795682750642,3.4843082728526966e-08,8.226019208049836e-08,0.0,6.083785137889208e-07,3.01044234774473,5.106389706590006e-09,1.6003279914626584e-08,0.0,1.2430710683020152e-07,0.4411920706493765,3.994947243511697e-08,8.692771099034854e-08,0.0,6.182213283523197e-07,3.4516344183941063
ARM97_qmc,mac,run_e3sm_scm_ARM97_qmc64_0706_037,digitalnetb2,QMCPy DigitalNetB2,20260428,37,digitalnetb2,0.004711807,0.0047118069571057,0.0025894144,0.0025894144496739,0.092327862D0,0.0923278619061906,-0.000516299959,-0.0005162999589698,8.92293286e-06,8.922932863098235e-06,0.17244899D0,0.1724489888427394,2896.8742,2896.8742245238022,1252.0082,1252.0082434761275,1.0328859D0,1.0328858885361618,0.31228073,0.31228073321178,7.3622729,7.362272860536096,1.1759089,1.175908920901382,1.2617688D0,1.261768751907696,0.51606112,0.5160611240917481,3.3117231,3.311723073447328,4.3708244,4.370824435983441,0.26273508,0.2627350806077225,/Users/yunlong/Workshop/SCM-UQ-Workflow/cases/run_e3sm_scm_ARM97_qmc64_0706/output/ARM97_qmc_037.nc,1249,1997-06-19 23:29:45,1997-07-15 23:29:45,300.49289561043366,3.379546726460848,292.68280029296875,309.068359375,45.56487194607981,7.941661678875164,27.32831382751465,68.90464782714844,0.9513580164650013,0.19098308092119548,0.0,1.0,174.82382956698234,232.93688466558822,0.0,867.2770385742188,32.621691071910796,14.634030755095885,-2.6421008110046387,72.75935363769531,112.98614130941651,103.9257962906717,-32.756385803222656,370.2933044433594,36.71611922112709,50.58168982644641,-48.19628143310547,178.625732421875,96863.85649144315,329.1931532888907,96062.953125,97540.140625,298.97400674445805,1.588044389005983,295.1214294433594,302.9514465332031,245.14756818989738,35.66733331593984,197.03021240234375,310.32562255859375,0.0036882392528487205,0.005589745140881894,9.855663840596662e-09,0.023104453459382057,0.15473108262937577,0.33578942072194023,0.0,1.0,5.769270232178168e-06,2.5417764254050582e-05,0.0,0.0006226099794730544,1.3874268817984897e-06,1.55333897373511e-05,0.0,0.0008497139206156135,3.2410459899882345e-08,1.0385777220534348e-07,0.0,9.786095915842452e-07,2.8002637353498345,7.968141105019642e-09,2.9962214073570796e-08,0.0,3.7346873682508885e-07,0.6884473914736972,4.037860100490198e-08,1.1136136976926828e-07,0.0,1.0350704400252653e-06,3.488711126823531
ARM97_qmc,mac,run_e3sm_scm_ARM97_qmc64_0706_038,digitalnetb2,QMCPy DigitalNetB2,20260428,38,digitalnetb2,0.0031680473,0.0031680472929979,0.0015847065,0.0015847064864587,0.068061171D0,0.0680611714359208,-0.000905512358,-0.0009055123580485,2.68363977e-06,2.683639771026867e-06,0.53500447D0,0.5350044744484436,6984.4833,6984.48326614734,774.66382,774.6638171290795,1.0924278D0,1.092427828057861,0.10212419,0.1021241913792615,2.5338439,2.5338438511519734,2.8158078,2.8158078333496563,1.762492D0,1.7624919503088163,0.64986651,0.6498665088929187,1.1226962,1.1226962390207715,3.9874339,3.987433895865597,0.23334921,0.2333492060162332,/Users/yunlong/Workshop/SCM-UQ-Workflow/cases/run_e3sm_scm_ARM97_qmc64_0706/output/ARM97_qmc_038.nc,1249,1997-06-19 23:29:45,1997-07-15 23:29:45,302.1775405187431,3.56740923345531,292.4747009277344,311.3586120605469,44.71645740970217,7.520346350476494,26.412572860717773,66.51176452636719,0.9068767136794761,0.20483572037543363,0.0,1.0,175.41965659556865,237.28461341492715,0.0,857.7451782226562,30.958287716102753,15.665578944904421,-6.113460540771484,73.74579620361328,112.98614130941651,103.9257962906717,-32.756385803222656,370.2933044433594,36.71611922112709,50.58168982644641,-48.19628143310547,178.625732421875,96863.85649144315,329.1931532888907,96062.953125,97540.140625,298.97400674445805,1.588044389005983,295.1214294433594,302.9514465332031,245.31356793732715,36.126245645293885,191.90415954589844,312.2174072265625,0.0035526987775176063,0.005322242520631056,1.000000082740371e-08,0.021808715537190437,0.12411746445716462,0.29198901774246283,0.0,1.0,7.1419005305643384e-06,3.258745087757528e-05,0.0,0.0008496206137351692,1.2816866382354925e-06,1.5457324214730554e-05,0.0,0.0008923670393414795,3.5655360281038014e-08,1.0130200062718583e-07,0.0,8.043822958825331e-07,3.0806231282816845,5.5132128679034446e-09,1.8432558643912473e-08,0.0,2.3460755471660377e-07,0.4763415917868576,4.116857314894147e-08,1.0462938955915257e-07,0.0,8.047198592209259e-07,3.556964720068543
ARM97_qmc,mac,run_e3sm_scm_ARM97_qmc64_0706_039,digitalnetb2,QMCPy DigitalNetB2,20260428,39,digitalnetb2,0.0057270293,0.0057270292993466,0.0046009949,0.0046009948846422,0.047931014D0,0.0479310138792097,-0.0016732706,-0.001673270596396,6.13172816e-06,6.131728160319405e-06,0.23716992D0,0.2371699226834895,10115.971,10115.97099246288,1009.0553,1009.0553225677486,1.0095908D0,1.0095907802870026,0.43103583,0.4310358314695658,5.2719711,5.271971149483455,1.7733905,1.7733904671724248,0.99779832D0,0.9977983229039012,1.0727738,1.072773767554369,4.5030082,4.503008211594276,6.4847144,6.484714381927408,0.37742995,0.3774299476755355,/Users/yunlong/Workshop/SCM-UQ-Workflow/cases/run_e3sm_scm_ARM97_qmc64_0706/output/ARM97_qmc_039.nc,1249,1997-06-19 23:29:45,1997-07-15 23:29:45,301.5941409133166,3.4637595187478643,292.64105224609375,310.6411437988281,48.043258410439286,8.427415339976394,27.918073654174805,69.48908996582031,0.927781290162441,0.2464297234020947,0.0,1.0,179.1308691117814,235.4068100501827,-8.881784197001252e-16,864.0657958984375,30.79433941120525,14.71767541704436,-2.4619457721710205,67.89832305908203,112.98614130941651,103.9257962906717,-32.756385803222656,370.2933044433594,36.71611922112709,50.58168982644641,-48.19628143310547,178.625732421875,96863.85649144315,329.1931532888907,96062.953125,97540.140625,298.97400674445805,1.588044389005983,295.1214294433594,302.9514465332031,245.11266756309712,35.97745536427439,193.83106994628906,311.5986633300781,0.00386459396351809,0.005801340094735573,7.566421267313217e-09,0.024074489250779152,0.14589777625290137,0.3375960514239084,0.0,1.0,6.343971997654487e-06,2.66650201719523e-05,0.0,0.0005871352623216808,8.352436506062041e-07,1.1255524643025018e-05,0.0,0.0006278544897213578,3.391103679853093e-08,8.361836768811417e-08,0.0,5.819134116791247e-07,2.929913579393072,5.677313803663198e-09,1.792575752327637e-08,0.0,1.757198475615951e-07,0.49051991263650035,3.958835060219413e-08,8.89987771242297e-08,0.0,6.639139087383228e-07,3.420433492029573
ARM97_qmc,mac,run_e3sm_scm_ARM97_qmc64_0706_040,digitalnetb2,QMCPy DigitalNetB2,20260428,40,digitalnetb2,0.001568864,0.0015688640424799,0.0042766016,0.0042766015908264,0.07542098D0,0.0754209800376559,-0.00193063641,-0.0019306364149262,9.7559205e-06,9.755920498106978e-06,0.59356926D0,0.5935692647212756,8775.6765,8775.676486358305,948.23084,948.230836368526,1.0227791D0,1.022779112395774,0.1352284,0.1352283996895267,6.7390633,6.739063339014329,2.098478,2.098478031718239,1.8857629D0,1.8857629389600576,0.59431948,0.5943194779344995,4.8258627,4.825862713477607,3.6108945,3.610894514521988,0.39477994,0.3947799368373168,/Users/yunlong/Workshop/SCM-UQ-Workflow/cases/run_e3sm_scm_ARM97_qmc64_0706/output/ARM97_qmc_040.nc,1249,1997-06-19 23:29:45,1997-07-15 23:29:45,300.4923178777397,3.5336485025920634,291.8459777832031,308.98992919921875,47.281555330018406,8.106295754067645,28.0421085357666,68.98371124267578,0.948276493103624,0.1966742769180965,0.0,1.0,177.2100306342634,240.148398354886,-4.440892098500626e-16,864.9833374023438,32.88285647429305,13.833208492051025,1.387961983680725,66.79256439208984,112.98614130941651,103.9257962906717,-32.756385803222656,370.2933044433594,36.71611922112709,50.58168982644641,-48.19628143310547,178.625732421875,96863.85649144315,329.1931532888907,96062.953125,97540.140625,298.97400674445805,1.588044389005983,295.1214294433594,302.9514465332031,244.7833348618592,35.65351938228013,192.88941955566406,310.2003479003906,0.003837136347791999,0.005810173372744357,6.9558558912774515e-09,0.02365533635020256,0.15688427470009567,0.34233411615597226,0.0,1.0,6.5560908177196865e-06,2.889522590027362e-05,0.0,0.0006517167785204947,1.211004987362072e-06,1.3276813637310109e-05,0.0,0.0007021242054179311,3.151568244462533e-08,8.525904972684817e-08,0.0,6.115326982580882e-07,2.7229549632156282,8.433070840531656e-09,2.7550144780979804e-08,0.0,3.571486502096377e-07,0.7286173206219351,3.994875328515699e-08,9.88120466697606e-08,0.0,8.084409159891948e-07,3.451572283837564
ARM97_qmc,mac,run_e3sm_scm_ARM97_qmc64_0706_041,digitalnetb2,QMCPy DigitalNetB2,20260428,41,digitalnetb2,0.0035029895,0.0035029895103402,0.0010477773,0.0010477773475123,0.055608511D0,0.0556085106511373,-0.000647985259,-0.0006479852590355,3.63477082e-06,3.634770818514479e-06,0.2124808D0,0.2124807969288434,5545.6469,5545.646868399147,706.78577,706.7857660432187,1.0805671D0,1.0805670578972488,0.40631857,0.4063185744731658,4.0492636,4.049263620494291,1.0471493,1.04714929361871,1.1504556D0,1.1504555829142178,1.1296409,1.1296409344059726,1.2999209,1.2999208585481896,6.1179603,6.117960296284856,0.22068603,0.2206860261691846,/Users/yunlong/Workshop/SCM-UQ-Workflow/cases/run_e3sm_scm_ARM97_qmc64_0706/output/ARM97_qmc_041.nc,1249,1997-06-19 23:29:45,1997-07-15 23:29:45,302.5614198878634,3.5371853222163785,292.884765625,312.2424621582031,44.647445768809874,8.273845243291316,26.186147689819336,67.90067291259766,0.8947965448795895,0.24776296334752967,0.0,1.0,181.49141649506967,233.63861588815158,-4.440892098500626e-16,863.8802490234375,32.015657997977215,15.866757346192516,-2.846792459487915,75.06109619140625,112.98614130941651,103.9257962906717,-32.756385803222656,370.2933044433594,36.71611922112709,50.58168982644641,-48.19628143310547,178.625732421875,96863.85649144315,329.1931532888907,96062.953125,97540.140625,298.97400674445805,1.588044389005983,295.1214294433594,302.9514465332031,245.3000109763409,36.1489214990516,194.52896118164062,312.97894287109375,0.003538559480132205,0.005290929490623688,1.0008457174137675e-08,0.0205635167658329,0.1236894995220647,0.295169283324501,0.0,1.0,5.9901568582941955e-06,2.7968793215526524e-05,0.0,0.0008914284990169108,1.071701186952767e-06,1.3367993249678447e-05,0.0,0.0007319731521420181,3.861132436897683e-08,1.1775403687402784e-07,0.0,1.1263427950325422e-06,3.336018425479598,3.800211438344139e-09,1.1498677705201837e-08,0.0,9.757856389569497e-08,0.3283382682729336,4.241153580732097e-08,1.1885083652963365e-07,0.0,1.1274706294139847e-06,3.6643566937525316
ARM97_qmc,mac,run_e3sm_scm_ARM97_qmc64_0706_042,digitalnetb2,QMCPy DigitalNetB2,20260428,42,digitalnetb2,0.0025854877,0.0025854876532487,0.0025427502,0.0025427501899283,0.024779319D0,0.0247793186951218,-0.000317381392,-0.000317381391577,5.70799355e-06,5.707993546478081e-06,0.3655629D0,0.3655629009747548,4311.4723,4311.472250374234,1312.308,1312.3080230251892,1.0464568D0,1.046456846660768,0.20397435,0.2039743538275377,5.8763207,5.876320717633561,2.9443576,2.9443576429704095,0.84258789D0,0.8425878869687156,0.93650734,0.9365073430627217,3.110894,3.110894031568576,7.5900296,7.59002956430408,0.28505015,0.2850501515779642,/Users/yunlong/Workshop/SCM-UQ-Workflow/cases/run_e3sm_scm_ARM97_qmc64_0706/output/ARM97_qmc_042.nc,1249,1997-06-19 23:29:45,1997-07-15 23:29:45,301.7081510423182,3.4846836721798216,291.8672790527344,309.73468017578125,43.45532021167471,6.8407830851077565,26.44249153137207,62.215614318847656,0.9254362116486231,0.23510027890436117,0.0,1.0,208.0605677696015,252.6912216325261,0.0,857.1334228515625,37.79745177940143,15.51189455767043,3.6853830814361572,75.86882781982422,112.98614130941651,103.9257962906717,-32.756385803222656,370.2933044433594,36.71611922112709,50.58168982644641,-48.19628143310547,178.625732421875,96863.85649144315,329.1931532888907,96062.953125,97540.140625,298.97400674445805,1.588044389005983,295.1214294433594,302.9514465332031,245.31145081562076,35.8079179185582,196.6859893798828,310.4903259277344,0.003535983187223964,0.005338150698306599,9.99999993922529e-09,0.022625496610999107,0.11783608900447981,0.3009227495067875,0.0,1.0,4.201438280890522e-06,1.998610557021618e-05,0.0,0.00047714414540678263,6.403550576914196e-07,1.1146172110716114e-05,0.0,0.0008602704619988799,3.940069699786983e-08,1.1794719873189926e-07,0.0,1.1824799912574235e-06,3.404220220615953,3.166633289401919e-09,1.2875794095235628e-08,0.0,2.1742708611327544e-07,0.27359711620432575,4.256733028727175e-08,1.1991326167291036e-07,0.0,1.1825627392256233e-06,3.6778173368202793
ARM97_qmc,mac,run_e3sm_scm_ARM97_qmc64_0706_043,digitalnetb2,QMCPy DigitalNetB2,20260428,43,digitalnetb2,0.0049876044,0.0049876044095874,0.0055956451,0.0055956450814162,0.084962882D0,0.0849628818377474,-0.00130396886,-0.0013039688619948,1.73417749e-06,1.7341774910858185e-06,0.12788459D0,0.1278845869163409,13742.978,13742.978086257212,537.5309,537.5309049306487,1.0511675D0,1.0511674655000898,0.32507187,0.32507186969136,3.3183235,3.318323520573687,1.894124,1.8941239714155067,1.5896115D0,1.5896114889877135,0.34666655,0.346666551769509,2.5148876,2.514887644310493,5.107451,5.107450973653817,0.10072887,0.100728874692766,/Users/yunlong/Workshop/SCM-UQ-Workflow/cases/run_e3sm_scm_ARM97_qmc64_0706/output/ARM97_qmc_043.nc,1249,1997-06-19 23:29:45,1997-07-15 23:29:45,301.5235735219035,3.62264222580203,292.7341613769531,310.304443359375,43.93340073212134,6.852233211437365,27.279130935668945,63.85958480834961,0.9451447090941656,0.1705665717978472,0.0,1.0,192.110496285584,244.59228303139278,-8.881784197001252e-16,866.509521484375,32.74851648879347,15.232920748489946,-7.498554706573486,71.86974334716797,112.98614130941651,103.9257962906717,-32.756385803222656,370.2933044433594,36.71611922112709,50.58168982644641,-48.19628143310547,178.625732421875,96863.85649144315,329.1931532888907,96062.953125,97540.140625,298.97400674445805,1.588044389005983,295.1214294433594,302.9514465332031,245.1372297421372,36.29074713794604,196.15005493164062,311.27337646484375,0.003652402251544443,0.005629123938112394,1.0030750452472148e-08,0.025307388976216316,0.13236935376476208,0.31202055792711164,0.0,1.0,5.6117006426931774e-06,2.5555149694594304e-05,0.0,0.0005759699852205813,3.2311482749454397e-07,5.7962113845271225e-06,0.0,0.000418137846281752,3.8772370728089573e-08,8.997587972523936e-08,0.0,6.12331575666758e-07,3.349932830906939,3.566498967346611e-09,1.421879303713435e-08,0.0,2.0494339025844965e-07,0.30814551077874724,4.2338869695436186e-08,9.333730292521259e-08,0.0,6.939935417449306e-07,3.6580783416856866
ARM97_qmc,mac,run_e3sm_scm_ARM97_qmc64_0706_044,digitalnetb2,QMCPy DigitalNetB2,20260428,44,digitalnetb2,0.0021045692,0.0021045692169803,0.0018736312,0.0018736311646466,0.098774251D0,0.0987742505636913,-0.001596258,-0.0015962579980682,7.67596038e-06,7.675960381852014e-06,0.40604736D0,0.4060473563010938,7861.8161,7861.816149119141,856.94534,856.9453448170655,1.0958648D0,1.0958648473938513,0.39208077,0.3920807680161585,4.4399238,4.439923825829182,2.3585306,2.358530580504727,0.95148935D0,0.9514893460567588,0.43626416,0.4362641611563112,4.3337266,4.333726567446625,3.8585545,3.8585544675768286,0.32995596,0.3299559595697837,/Users/yunlong/Workshop/SCM-UQ-Workflow/cases/run_e3sm_scm_ARM97_qmc64_0706/output/ARM97_qmc_044.nc,1249,1997-06-19 23:29:45,1997-07-15 23:29:45,300.37369221549113,3.5361676109189655,292.02178955078125,309.1036071777344,46.71544696847566,7.5570599375166445,27.94521713256836,67.24150085449219,0.904849272777725,0.21820002225081148,0.0,1.0,181.89951419150285,239.36662126876487,-4.440892098500626e-16,865.58203125,34.19520646710697,13.776313146176737,-0.5278124213218689,71.82573699951172,112.98614130941651,103.9257962906717,-32.756385803222656,370.2933044433594,36.71611922112709,50.58168982644641,-48.19628143310547,178.625732421875,96863.85649144315,329.1931532888907,96062.953125,97540.140625,298.97400674445805,1.588044389005983,295.1214294433594,302.9514465332031,244.85590215397414,35.67602981048043,194.5867462158203,310.26019287109375,0.003812966056389993,0.005791829860667867,7.597493301148006e-09,0.024145331233739853,0.12982906000421854,0.2901201270049655,0.0,1.0,5.989987214515747e-06,2.5775466402915725e-05,0.0,0.0005845311679877341,9.154574794846644e-07,1.0587771418716554e-05,0.0,0.0005058589158579707,3.378418754279562e-08,8.396905001593253e-08,0.0,5.719762157241348e-07,2.9189538036975415,7.537446416370826e-09,2.454160770990662e-08,0.0,3.455357955317595e-07,0.6512353703744393,4.1321633959166434e-08,9.315035189846104e-08,0.0,9.175120112558943e-07,3.57018917407198
ARM97_qmc,mac,run_e3sm_scm_ARM97_qmc64_0706_045,digitalnetb2,QMCPy DigitalNetB2,20260428,45,digitalnetb2,0.0042332488,0.0042332487763809,0.003676693,0.0036766930284839,0.038976429D0,0.0389764294266447,-0.000982620086,-0.0009826200863158,4.5186797e-06,4.51867969781442e-06,0.091025292D0,0.0910252924839157,10981.095,10981.095315372108,1124.1616,1124.1616154331568,1.0005754D0,1.0005753827357622,0.26317399,0.2631739917808772,7.7486078,7.74860779151108,1.3082968,1.308296809532958,1.7103243D0,1.710324313196212,0.85735527,0.8573552741971409,1.7920415,1.7920414552721478,6.3411866,6.341186554982555,0.20465076,0.2046507558583103,/Users/yunlong/Workshop/SCM-UQ-Workflow/cases/run_e3sm_scm_ARM97_qmc64_0706/output/ARM97_qmc_045.nc,1249,1997-06-19 23:29:45,1997-07-15 23:29:45,302.1863407474026,3.494521347822646,292.90350341796875,311.9296875,46.26181622330335,8.077221842223487,27.62630844116211,69.51200103759766,0.9748786302661574,0.143097030921977,0.0,1.0,180.43900670250767,238.62884394782202,-4.440892098500626e-16,863.6475219726562,31.252765022626846,14.4158665801481,-6.070529937744141,68.74234008789062,112.98614130941651,103.9257962906717,-32.756385803222656,370.2933044433594,36.71611922112709,50.58168982644641,-48.19628143310547,178.625732421875,96863.85649144315,329.1931532888907,96062.953125,97540.140625,298.97400674445805,1.588044389005983,295.1214294433594,302.9514465332031,245.28665955759604,36.166478361970746,195.34320068359375,312.7972106933594,0.0037241641734070915,0.005607347374144134,1.0298974117972648e-08,0.023109741508960724,0.14620304118370853,0.3390467256311806,0.0,1.0,5.4288536873957525e-06,2.280697914890755e-05,0.0,0.0004325797490309924,8.831585826183596e-07,1.2262171710956994e-05,0.0,0.0007076596957631409,3.573842882634398e-08,8.79599881766735e-08,0.0,6.336050546451588e-07,3.0878002505961195,4.40750413992348e-09,1.5535587149425325e-08,0.0,2.24160146444774e-07,0.38080835768938864,4.014593296626745e-08,9.197007575451515e-08,0.0,6.554316271945027e-07,3.468608608285508
ARM97_qmc,mac,run_e3sm_scm_ARM97_qmc64_0706_046,digitalnetb2,QMCPy DigitalNetB2,20260428,46,digitalnetb2,0.0032754444,0.0032754444146849,0.0048577974,0.0048577973523212,0.040625265D0,0.0406252651147309,-0.000355724224,-0.0003557242235737,7.1942922e-06,7.1942921957487945e-06,0.48473659D0,0.4847365925683914,11524.858,11524.858031913896,353.54144,353.54143909240514,1.07259D0,1.07258995702865,0.47333052,0.473330521600692,2.1708883,2.1708883112373147,2.7001362,2.7001361772868884,1.413944D0,1.4139439814317252,0.9766587,0.9766587026963218,3.6031367,3.60313669109977,7.3689193,7.368919252275011,0.29025515,0.2902551514089718,/Users/yunlong/Workshop/SCM-UQ-Workflow/cases/run_e3sm_scm_ARM97_qmc64_0706/output/ARM97_qmc_046.nc,1249,1997-06-19 23:29:45,1997-07-15 23:29:45,301.3368869411936,3.761920970827985,291.7313537597656,310.26287841796875,46.01601685095635,7.31139775053161,27.534082412719727,66.12928009033203,0.9144109796194488,0.19390288084262772,0.0002653566189110279,1.0,192.0871211710312,245.25807150839654,0.0,856.1694946289062,36.51839389869745,12.955667239532058,1.9895546436309814,73.8547592163086,112.98614130941651,103.9257962906717,-32.756385803222656,370.2933044433594,36.71611922112709,50.58168982644641,-48.19628143310547,178.625732421875,96863.85649144315,329.1931532888907,96062.953125,97540.140625,298.97400674445805,1.588044389005983,295.1214294433594,302.9514465332031,245.14212614644327,35.62869121494427,198.1713104248047,311.07098388671875,0.0036912107504450888,0.00552031179565483,6.83104905974119e-09,0.02298612892627716,0.11964613153478393,0.288050067069841,0.0,1.0,4.854811470880008e-06,2.1441740931969028e-05,0.0,0.0005559006240218878,7.202361827090961e-07,9.749493234282667e-06,0.0,0.0007776902057230473,3.668410703113433e-08,8.388195928487054e-08,0.0,6.648562589361973e-07,3.169506847490006,5.452254080352613e-09,1.9147815168140246e-08,0.0,2.618259884457075e-07,0.4710747525424658,4.213636111148693e-08,9.081221824922068e-08,0.0,6.648565736538231e-07,3.6405816000324713
ARM97_qmc,mac,run_e3sm_scm_ARM97_qmc64_0706_047,digitalnetb2,QMCPy DigitalNetB2,20260428,47,digitalnetb2,0.0055611327,0.0055611326844791,0.0028791018,0.0028791017861731,0.060833243D0,0.0608332425032276,-0.00126542582,-0.0012654258211299,1.44422043e-06,1.4442204290170296e-06,0.31849188D0,0.3184918750472084,2007.2352,2007.2351520091768,1170.2392,1170.2391588967962,1.0303778D0,1.0303777952956283,0.19442499,0.1944249888445038,5.6114663,5.611466306760153,1.6488074,1.6488073597902906,0.64339277D0,0.6433927684061479,0.72258757,0.7225875681820196,2.0226294,2.022629420461748,4.8619475,4.861947497580804,0.17403963,0.174039627282814,/Users/yunlong/Workshop/SCM-UQ-Workflow/cases/run_e3sm_scm_ARM97_qmc64_0706/output/ARM97_qmc_047.nc,1249,1997-06-19 23:29:45,1997-07-15 23:29:45,302.60456756518494,3.3154732460676173,293.894287109375,313.03192138671875,43.85281545243519,7.543852192103872,25.863903045654297,65.93383026123047,0.9452985191811126,0.21772087377797608,0.0,1.0,174.70686199130108,230.05450031612932,0.0,854.592529296875,28.94237369573336,16.30091076370102,-6.785661220550537,71.71764373779297,112.98614130941651,103.9257962906717,-32.756385803222656,370.2933044433594,36.71611922112709,50.58168982644641,-48.19628143310547,178.625732421875,96863.85649144315,329.1931532888907,96062.953125,97540.140625,298.97400674445805,1.588044389005983,295.1214294433594,302.9514465332031,245.5355841892447,36.671654238969865,195.0220947265625,314.3511047363281,0.0034509611453381376,0.005180115264415846,9.21926268659945e-09,0.02204432152211666,0.1476879527202718,0.3387801662880173,0.0,1.0,7.438320325522246e-06,3.2944966676344774e-05,0.0,0.0009270982700400054,1.0491825270896554e-06,1.4097544553251942e-05,0.0,0.0007136227795854211,3.6369722572905754e-08,1.2245264978045003e-07,0.0,1.1276482609900995e-06,3.142344030299057,5.207240904489077e-09,2.0517447909378865e-08,0.0,3.0228343916860467e-07,0.44990561414785624,4.157696347739483e-08,1.2748426823768912e-07,0.0,1.1447781549378533e-06,3.5922496444469134
ARM97_qmc,mac,run_e3sm_scm_ARM97_qmc64_0706_048,digitalnetb2,QMCPy DigitalNetB2,20260428,48,digitalnetb2,0.0013016279,0.0013016279376633,0.0050747766,0.0050747766246148,0.094185198D0,0.0941851984354668,-0.00100455327,-0.0010045532703183,5.33050915e-06,5.330509147777484e-06,0.052376351D0,0.0523763506614463,5264.5179,5264.517916721279,589.21882,589.2188208472094,1.0361435D0,1.0361435495516849,0.17548957,0.1754895745426862,6.8774185,6.877418511099485,2.6635602,2.6635601673273666,0.8996145D0,0.8996145026126869,1.0068158,1.006815795424291,3.4755946,3.475594632787003,3.3870275,3.38702750944118,0.11132994,0.1113299439935475,/Users/yunlong/Workshop/SCM-UQ-Workflow/cases/run_e3sm_scm_ARM97_qmc64_0706/output/ARM97_qmc_048.nc,1249,1997-06-19 23:29:45,1997-07-15 23:29:45,301.6980467430585,3.5283763119380045,291.8582458496094,310.85205078125,46.16326244436711,8.093456910076045,27.10688018798828,68.06615447998047,0.964880405359415,0.13952747720419764,0.0,1.0,161.32850776454083,218.7722996480921,0.0,857.4363403320312,27.315978101691048,16.55678447032657,-8.198513984680176,71.17288970947266,112.98614130941651,103.9257962906717,-32.756385803222656,370.2933044433594,36.71611922112709,50.58168982644641,-48.19628143310547,178.625732421875,96863.85649144315,329.1931532888907,96062.953125,97540.140625,298.97400674445805,1.588044389005983,295.1214294433594,302.9514465332031,245.23495927464018,35.94986638059821,192.54794311523438,311.9384460449219,0.0037041431964472465,0.005598198822883229,1.000000082740371e-08,0.021446000784635544,0.15335536964149113,0.3370729595090299,0.0,1.0,7.269270591032101e-06,3.244668272074825e-05,0.0,0.0007128888391889632,1.6815879388976544e-06,1.75094404104102e-05,0.0,0.0007962980307638645,3.525667169471896e-08,1.391070668858084e-07,0.0,1.494230787102424e-06,3.0461764344237183,6.414886998919579e-09,1.7788659822570796e-08,0.0,2.3918684632917575e-07,0.5542462367066516,4.167155869363854e-08,1.4133820213749908e-07,0.0,1.4959354116550472e-06,3.60042267113037
ARM97_qmc,mac,run_e3sm_scm_ARM97_qmc64_0706_049,digitalnetb2,QMCPy DigitalNetB2,20260428,49,digitalnetb2,0.0038605958,0.003860595793384,0.0032865108,0.0032865108212161,0.034314135D0,0.0343141352646116,-0.00157377669,-0.0015737766932721,2.25314531e-06,2.2531453106707268e-06,0.44472537D0,0.4447253675493339,8482.1385,8482.138455605666,1389.5619,1389.5618673054855,1.0658567D0,1.065856747873951,0.45439969,0.4543996851160571,3.8111145,3.8111145311644936,1.7382082,1.738208209656411,1.6700742D0,1.6700741755149036,0.69825322,0.6982532226580531,2.900096,2.900096045454253,5.8750991,5.875099079185172,0.27444907,0.2744490738417414,/Users/yunlong/Workshop/SCM-UQ-Workflow/cases/run_e3sm_scm_ARM97_qmc64_0706/output/ARM97_qmc_049.nc,1249,1997-06-19 23:29:45,1997-07-15 23:29:45,302.22361321674526,3.5372985032765625,292.250244140625,310.6864013671875,45.42313302699044,7.311156323560979,27.148643493652344,65.28335571289062,0.9136553668609526,0.24424596488136424,0.0,1.0,193.73626340813547,247.05902838646423,0.0,863.8038940429688,32.32686199746531,14.533734522768238,-5.37592077255249,70.78850555419922,112.98614130941651,103.9257962906717,-32.756385803222656,370.2933044433594,36.71611922112709,50.58168982644641,-48.19628143310547,178.625732421875,96863.85649144315,329.1931532888907,96062.953125,97540.140625,298.97400674445805,1.588044389005983,295.1214294433594,302.9514465332031,245.10204310482078,36.36269261905149,193.64599609375,311.7560119628906,0.003638534533285401,0.005465943511357107,1.0000005268295808e-08,0.02436390332877636,0.13319496337032452,0.31383068167590666,0.0,1.0,6.565063022390929e-06,2.8894678726009337e-05,0.0,0.0005992686492390931,6.359381971722031e-07,9.903415534242083e-06,0.0,0.0007770747179165483,3.556978669668815e-08,8.444890106514527e-08,0.0,6.189681016621762e-07,3.073229570593856,5.42977847006474e-09,1.791566289755923e-08,0.0,2.0437008174667426e-07,0.46913285981359354,4.0999565166752895e-08,9.006094419283548e-08,0.0,6.196076588471655e-07,3.54236243040745
ARM97_qmc,mac,run_e3sm_scm_ARM97_qmc64_0706_050,digitalnetb2,QMCPy DigitalNetB2,20260428,50,digitalnetb2,0.0023180555,0.0023180554867128,0.0021254006,0.0021254005512531,0.046083267D0,0.0460832671282845,-0.00118397313,-0.0011839731317384,9.66835872e-06,9.668358718120076e-06,0.28844113D0,0.2884411252931601,14049.193,14049.193309697885,616.96914,616.969136399043,1.0063392D0,1.0063392162724334,0.25674315,0.2567431547431661,6.4833937,6.483393725507527,2.2545721,2.2545721149752085,1.3599634D0,1.3599634351323968,0.46774047,0.4677404731361852,4.7139989,4.7139989059205245,7.5231373,7.523137349579714,0.23099555,0.2309955482913579,/Users/yunlong/Workshop/SCM-UQ-Workflow/cases/run_e3sm_scm_ARM97_qmc64_0706/output/ARM97_qmc_050.nc,1249,1997-06-19 23:29:45,1997-07-15 23:29:45,300.43748492446304,3.6646487885596013,291.8230285644531,309.8387756347656,49.110946782022786,8.718299001678385,28.014291763305664,70.89884948730469,0.977487558596987,0.1397090082495544,0.0,1.0,173.93924633393868,228.2556432218923,-4.440892098500626e-16,865.4342651367188,32.31728059586116,13.38793762025284,-0.866077721118927,68.83244323730469,112.98614130941651,103.9257962906717,-32.756385803222656,370.2933044433594,36.71611922112709,50.58168982644641,-48.19628143310547,178.625732421875,96863.85649144315,329.1931532888907,96062.953125,97540.140625,298.97400674445805,1.588044389005983,295.1214294433594,302.9514465332031,245.0116871791806,35.759925180135504,191.83660888671875,310.9105529785156,0.00397148095995972,0.00598686428944987,1.003444882741178e-08,0.024839062243700027,0.15429092212039897,0.343318154226769,0.0,1.0,6.788965269702455e-06,2.8157741618945388e-05,0.0,0.0005109399789944291,8.208964040452933e-07,8.698665310821796e-06,0.0,0.00043064189958386123,2.997991237247183e-08,7.023249189561329e-08,0.0,5.18771003044094e-07,2.5902644289815666,8.773635061185523e-09,3.3685676262343465e-08,0.0,3.285459513335809e-07,0.7580420692864293,3.875354743365736e-08,9.008343747773181e-08,0.0,6.658167421846883e-07,3.348306498267996
ARM97_qmc,mac,run_e3sm_scm_ARM97_qmc64_0706_051,digitalnetb2,QMCPy DigitalNetB2,20260428,51,digitalnetb2,0.0053453305,0.0053453304604052,0.0040505327,0.0040505326523411,0.066208237D0,0.0662082365599128,-0.000437668862,-0.0004376688623447,3.84061579e-06,3.840615793268349e-06,0.51482533D0,0.5148253286035847,4629.9118,4629.911802332728,900.38788,900.3878827260693,1.0891275D0,1.0891274554196293,0.38564535,0.3856453535223348,2.7989595,2.7989594563903553,1.3283616,1.3283616033870866,0.60122001D0,0.6012200082035296,0.83433843,0.8343384281712678,1.1616899,1.161689876065774,5.0203438,5.020343843522394,0.38447039,0.3844703883984453,/Users/yunlong/Workshop/SCM-UQ-Workflow/cases/run_e3sm_scm_ARM97_qmc64_0706/output/ARM97_qmc_051.nc,1249,1997-06-19 23:29:45,1997-07-15 23:29:45,302.608148041871,3.6378248475266277,292.6615295410156,310.8919372558594,42.59411476019194,6.0366124917953545,25.923784255981445,60.091331481933594,0.8926865414681716,0.24603758280006002,0.0,1.0,187.07790760740076,237.8531601621797,0.0,853.7481079101562,33.980182453035546,14.512883448179272,0.18083129823207855,76.1297378540039,112.98614130941651,103.9257962906717,-32.756385803222656,370.2933044433594,36.71611922112709,50.58168982644641,-48.19628143310547,178.625732421875,96863.85649144315,329.1931532888907,96062.953125,97540.140625,298.97400674445805,1.588044389005983,295.1214294433594,302.9514465332031,245.7458336334595,36.188058458396576,198.28109741210938,312.1282958984375,0.0034315715049599406,0.005157781646800965,9.27864451938376e-09,0.020789647474884987,0.11399719112584339,0.2795999949896951,0.0,1.0,5.228123499731942e-06,2.431998278912133e-05,0.0,0.0004970231093466282,5.792654946581396e-07,1.075855988645157e-05,0.0,0.0009791918564587831,4.078196235876954e-08,1.1966029281721334e-07,0.0,1.2156964430687367e-06,3.5235615477976885,4.079236970379298e-09,1.7774544084224452e-08,0.0,3.1759734042680066e-07,0.3524460742407714,4.4861199329148845e-08,1.2264412953789783e-07,0.0,1.2165917966378004e-06,3.8760076220384603
ARM97_qmc,mac,run_e3sm_scm_ARM97_qmc64_0706_052,digitalnetb2,QMCPy DigitalNetB2,20260428,52,digitalnetb2,0.0018371374,0.0018371373529561,0.0027939093,0.0027939092998725,0.070058002D0,0.0700580019793336,-0.000625995905,-0.0006259959052688,7.40594946e-06,7.405949455343195e-06,0.24258604D0,0.2425860354186911,10508.763,10508.763055680223,1203.4016,1203.401581766274,1.0577125D0,1.0577124655364456,0.34407595,0.3440759485556256,4.676558,4.676558020268617,2.9184937,2.918493720209786,1.8461537D0,1.84615370385412,0.96259949,0.9625994909260892,3.9990877,3.9990877183983886,3.7692706,3.769270596921608,0.1634008,0.1634008019436004,/Users/yunlong/Workshop/SCM-UQ-Workflow/cases/run_e3sm_scm_ARM97_qmc64_0706/output/ARM97_qmc_052.nc,1249,1997-06-19 23:29:45,1997-07-15 23:29:45,301.44668122193065,3.6882509694625023,292.0943908691406,310.675048828125,48.197572688277575,8.696182865788515,27.637895584106445,70.55547332763672,0.9753398143464894,0.08861319173603721,0.04833003133535385,1.0,180.27992814397507,242.4988284497614,-4.440892098500626e-16,852.89013671875,31.79040231957161,15.091097944985853,-4.032707214355469,69.56011962890625,112.98614130941651,103.9257962906717,-32.756385803222656,370.2933044433594,36.71611922112709,50.58168982644641,-48.19628143310547,178.625732421875,96863.85649144315,329.1931532888907,96062.953125,97540.140625,298.97400674445805,1.588044389005983,295.1214294433594,302.9514465332031,245.02972161848132,35.90855803498607,192.28025817871094,311.5256042480469,0.003844687523243343,0.005749040683109956,9.036766890346826e-09,0.021793905645608902,0.1485431604588013,0.32430770254708136,0.0,1.0,6.6277595400111195e-06,2.9144802011381227e-05,0.0,0.0005856784409843385,1.0548760729106319e-06,1.2376210878288994e-05,0.0,0.0006114256102591753,3.3497241789010396e-08,8.170604750992614e-08,0.0,5.525693609342852e-07,2.894161690570498,6.4525648166056104e-09,2.04178321441339e-08,0.0,2.194349235651316e-07,0.5575016001547247,3.9949806605616005e-08,8.902362490293281e-08,0.0,6.252435014175717e-07,3.451663290725223
ARM97_qmc,mac,run_e3sm_scm_ARM97_qmc64_0706_053,digitalnetb2,QMCPy DigitalNetB2,20260428,53,digitalnetb2,0.0045909745,0.0045909745246779,0.0059688746,0.0059688745768223,0.050162525D0,0.0501625246359466,-0.00195306155,-0.0019530615537191,1.35549367e-06,1.355493673775174e-06,0.56350149D0,0.5635014890001152,7377.2671,7377.267071094496,445.21946,445.2194641677046,1.0405008D0,1.0405007881868729,0.22298301,0.2229830101480077,7.6117704,7.611770364163707,1.9922832,1.9922831874322564,1.0990386D0,1.0990385589177916,0.31475164,0.3147516432976441,2.3765882,2.3765882448917317,6.2719698,6.271969779952169,0.300894,0.3008940040427722,/Users/yunlong/Workshop/SCM-UQ-Workflow/cases/run_e3sm_scm_ARM97_qmc64_0706/output/ARM97_qmc_053.nc,1249,1997-06-19 23:29:45,1997-07-15 23:29:45,301.3726046999709,3.642331403470312,292.81072998046875,309.66192626953125,43.12350902145056,6.7503446774922695,27.170930862426758,63.13373565673828,0.9016134427496861,0.2833378223751232,0.0,1.0,192.48918998562354,243.50955808823568,0.0,862.9727783203125,34.13188813787977,15.15274713677296,-3.580594301223755,73.18292236328125,112.98614130941651,103.9257962906717,-32.756385803222656,370.2933044433594,36.71611922112709,50.58168982644641,-48.19628143310547,178.625732421875,96863.85649144315,329.1931532888907,96062.953125,97540.140625,298.97400674445805,1.588044389005983,295.1214294433594,302.9514465332031,245.23855312750567,36.23657344147913,196.92791748046875,310.6529846191406,0.003554162869796482,0.005457158229094073,8.886318347833821e-09,0.024501921609044075,0.13088997060811705,0.3180594309746442,0.0,1.0,5.569990272656348e-06,2.6176461308076995e-05,0.0,0.0010467456886544824,6.138747439088014e-07,1.0551714117081083e-05,0.0,0.0008258444722741842,3.900240577353744e-08,1.0073837155001052e-07,0.0,9.229983106706641e-07,3.369807858833635,3.7176812929255563e-09,1.3171172208065955e-08,0.0,1.336702553089708e-07,0.3212076637087681,4.2720087066462995e-08,1.041926958590417e-07,0.0,9.415068262796922e-07,3.691015522542403
ARM97_qmc,mac,run_e3sm_scm_ARM97_qmc64_0706_054,digitalnetb2,QMCPy DigitalNetB2,20260428,54,digitalnetb2,0.0030082086,0.0030082086124161,0.0044941914,0.0044941914377963,0.029448747D0,0.0294487466390644,-0.00138547772,-0.0013854777209314,8.18679729e-06,8.186797288739994e-06,0.16657966D0,0.1665796578586728,2503.6924,2503.6923797530144,1052.7343,1052.734301890482,1.087114D0,1.087113954915904,0.41282723,0.4128272313467112,2.6888261,2.6888261275378844,2.0149966,2.0149965631301736,0.80050674D0,0.8005067354506741,0.61909413,0.6190941265093193,4.1906132,4.190613168274378,7.1241102,7.124110171567674,0.19430575,0.1943057486348074,/Users/yunlong/Workshop/SCM-UQ-Workflow/cases/run_e3sm_scm_ARM97_qmc64_0706/output/ARM97_qmc_054.nc,1249,1997-06-19 23:29:45,1997-07-15 23:29:45,300.53696954145346,3.7673406735282104,291.11328125,309.5982971191406,45.69601470360859,7.581141355796307,27.646400451660156,67.8341064453125,0.9007537134423771,0.22796205831760516,0.0,1.0,186.94059367850124,241.79033089221815,-4.440892098500626e-16,852.7518310546875,36.66094556076227,14.257041827994447,2.8914129734039307,77.47039794921875,112.98614130941651,103.9257962906717,-32.756385803222656,370.2933044433594,36.71611922112709,50.58168982644641,-48.19628143310547,178.625732421875,96863.85649144315,329.1931532888907,96062.953125,97540.140625,298.97400674445805,1.588044389005983,295.1214294433594,302.9514465332031,244.9104205249881,35.740929646399806,192.80284118652344,310.72723388671875,0.0036630142855128517,0.005506419158560804,2.5595272568068594e-09,0.02384207956492901,0.12973922066689353,0.2997248090601037,0.0,1.0,6.502558093677258e-06,3.0242903552144515e-05,0.0,0.000805815914645791,1.5026313261690895e-06,1.5150538052653471e-05,0.0,0.0007778382860124111,3.4233354111407146e-08,1.0887535962044984e-07,0.0,9.7244844710076e-07,2.9577617952255775,7.753568784339608e-09,3.041512888837393e-08,0.0,4.948318519382156e-07,0.669908342966942,4.198692289574676e-08,1.1534325273118848e-07,0.0,9.77530984602737e-07,3.62767013819252
ARM97_qmc,mac,run_e3sm_scm_ARM97_qmc64_0706_055,digitalnetb2,QMCPy DigitalNetB2,20260428,55,digitalnetb2,0.0059187387,0.0059187386649659,0.0014557968,0.0014557968090203,0.089559068D0,0.0895590677478812,-0.000235492919,-0.0002354929190341,4.14467805e-06,4.144678053410874e-06,0.32689742D0,0.3268974249875466,12033.732,12033.731848917923,794.81439,794.8143872031296,1.0168273D0,1.0168272604784874,0.14173248,0.1417324787457992,5.0058167,5.005816674569788,1.0896446,1.0896445670439812,1.5359056D0,1.5359056345010706,1.0964068,1.0964068064726535,1.6850609,1.6850608839685353,4.6359848,4.635984809636482,0.34030098,0.3403009762066165,/Users/yunlong/Workshop/SCM-UQ-Workflow/cases/run_e3sm_scm_ARM97_qmc64_0706/output/ARM97_qmc_055.nc,1249,1997-06-19 23:29:45,1997-07-15 23:29:45,302.68160302167513,3.3100351712329106,293.1444396972656,309.90899658203125,42.28512726104956,6.228840521537549,24.957685470581055,58.72846603393555,0.9515709359824427,0.20627981892010128,0.0,1.0,201.37209040796262,251.67329625916972,-4.440892098500626e-16,857.3309326171875,33.30174911466,15.796516901376776,0.9352423548698425,78.70970916748047,112.98614130941651,103.9257962906717,-32.756385803222656,370.2933044433594,36.71611922112709,50.58168982644641,-48.19628143310547,178.625732421875,96863.85649144315,329.1931532888907,96062.953125,97540.140625,298.97400674445805,1.588044389005983,295.1214294433594,302.9514465332031,245.54574544523314,36.06425732670849,197.03726196289062,310.7257385253906,0.0034716259664782393,0.005279944691387528,1.0166659514254661e-08,0.02160026878118515,0.13620312010634913,0.3230051469353801,0.0,1.0,4.383921691471081e-06,2.232182397300059e-05,0.0,0.0006936159916222095,5.019441758961599e-07,1.0721124591251405e-05,0.0,0.0006912497919984162,4.106322686164739e-08,1.0204656458659904e-07,0.0,7.17896114110772e-07,3.547862800846335,2.7261078643251485e-09,9.522642341654265e-09,0.0,1.6357545007394947e-07,0.23553571947769283,4.378933472597254e-08,1.0357551688932541e-07,0.0,8.814715641847215e-07,3.7833985203240275
ARM97_qmc,mac,run_e3sm_scm_ARM97_qmc64_0706_056,digitalnetb2,QMCPy DigitalNetB2,20260428,56,digitalnetb2,0.0014089965,0.0014089965281661,0.0011718041,0.001171804139125,0.037088633D0,0.037088632828849,-0.000509037592,-0.0005090375921158,9.67383408e-07,9.673834083208374e-07,0.1423647D0,0.1423646989416598,13348.644,13348.644182737342,731.55059,731.5505949109547,1.00383D0,1.0038299849526675,0.44981862,0.4498186161690808,6.5371802,6.537180208653499,2.7899744,2.7899744281660843,0.55123838D0,0.5512383757115992,0.67595952,0.67595952187183,1.9875296,1.9875296445935495,7.9791655,7.979165475420951,0.35572673,0.3557267296424999,/Users/yunlong/Workshop/SCM-UQ-Workflow/cases/run_e3sm_scm_ARM97_qmc64_0706/output/ARM97_qmc_056.nc,1249,1997-06-19 23:29:45,1997-07-15 23:29:45,302.6777552413024,3.575187738808679,292.88897705078125,310.5840759277344,42.361200992349055,6.340555897665308,25.977922439575195,61.568603515625,0.9931674181130595,0.07112099785308058,0.0,1.0,197.38698825349894,250.292721240372,-8.881784197001252e-16,854.5963745117188,31.552047850568595,15.14154751546645,-12.03638744354248,70.89038848876953,112.98614130941651,103.9257962906717,-32.756385803222656,370.2933044433594,36.71611922112709,50.58168982644641,-48.19628143310547,178.625732421875,96863.85649144315,329.1931532888907,96062.953125,97540.140625,298.97400674445805,1.588044389005983,295.1214294433594,302.9514465332031,245.83819511755644,36.13014706997652,197.56004333496094,311.00262451171875,0.0035403116091788397,0.005492152747792897,4.593288860377243e-09,0.025555597618222237,0.13406303915565485,0.32792301962785125,0.0,1.0,4.934161977558718e-06,2.2704406686617032e-05,0.0,0.0005348608247004449,4.535235750899855e-07,8.237934308944326e-06,0.0,0.0008194494294002652,4.214417947124282e-08,1.0220729853315796e-07,0.0,8.02096224106208e-07,3.64125710631538,2.8257712515412267e-09,1.13695360815461e-08,0.0,1.9153732466747897e-07,0.24414663613316198,4.496995072278404e-08,1.0385097773540153e-07,0.0,8.020981870052353e-07,3.8854037424485415
ARM97_qmc,mac,run_e3sm_scm_ARM97_qmc64_0706_057,digitalnetb2,QMCPy DigitalNetB2,20260428,57,digitalnetb2,0.0036946894,0.0036946894137369,0.0043882879,0.004388287923498,0.096881876D0,0.0968818761842167,-0.00111258719,-0.0011125871872199,6.49508207e-06,6.495082071437616e-06,0.38593638D0,0.3859363820339852,3917.1541,3917.1541153096146,982.1686,982.1686037791684,1.0991683D0,1.099168285322077,0.12091461,0.1209146052929809,4.1747675,4.17476745096979,1.8715802,1.8715802007680455,1.3158405D0,1.315840460122778,1.040858,1.040858007378005,4.3882235,4.388223529059431,5.4617236,5.461723567797232,0.18356791,0.1835679131928062,/Users/yunlong/Workshop/SCM-UQ-Workflow/cases/run_e3sm_scm_ARM97_qmc64_0706/output/ARM97_qmc_057.nc,1249,1997-06-19 23:29:45,1997-07-15 23:29:45,301.240700763736,3.4693588745048087,292.24456787109375,309.9477844238281,45.81119896832994,7.772394556748815,27.471532821655273,67.78355407714844,0.8855086467024706,0.2398149759958517,0.0,1.0,178.46338349158427,240.31636820560695,-4.440892098500626e-16,857.8470458984375,33.01796693285052,15.12310601968461,-0.20987793803215027,72.2848892211914,112.98614130941651,103.9257962906717,-32.756385803222656,370.2933044433594,36.71611922112709,50.58168982644641,-48.19628143310547,178.625732421875,96863.85649144315,329.1931532888907,96062.953125,97540.140625,298.97400674445805,1.588044389005983,295.1214294433594,302.9514465332031,244.9143636004079,35.81373528816332,191.98495483398438,310.9757385253906,0.003678987829162819,0.00554001951549388,9.261019506823231e-09,0.02241518348455429,0.12961668913192517,0.2947640453696301,0.0,1.0,7.055732798774534e-06,3.07006117134836e-05,0.0,0.0006040327716618776,1.2513070279381368e-06,1.352011516121427e-05,0.0,0.0007085620891302824,3.3650353942781615e-08,1.0488920013760919e-07,0.0,9.021236451189907e-07,2.9073905806563314,8.271894648013397e-09,2.73070076961103e-08,0.0,2.610275089409697e-07,0.7146916975883575,4.192224859079501e-08,1.1100912528709457e-07,0.0,9.6451802988895e-07,3.6220822782446884
ARM97_qmc,mac,run_e3sm_scm_ARM97_qmc64_0706_058,digitalnetb2,QMCPy DigitalNetB2,20260428,58,digitalnetb2,0.0027381071,0.0027381071007087,0.0054132945,0.0054132945354566,0.062730599D0,0.0627305990863566,-0.00173981963,-0.0017398196288371,5.0138698e-06,5.013869796766349e-06,0.19848741D0,0.1984874079319149,5940.363,5940.3630432757545,506.92516,506.9251561272455,1.0271293D0,1.0271293027393882,0.31857115,0.3185711476783915,6.0963371,6.096337107122072,2.135978,2.1359780133842845,1.8024678D0,1.8024677535722209,0.79320658,0.7932065828045824,2.2022485,2.202248459896296,3.2084042,3.2084041512756696,0.32072966,0.3207296577845726,/Users/yunlong/Workshop/SCM-UQ-Workflow/cases/run_e3sm_scm_ARM97_qmc64_0706/output/ARM97_qmc_058.nc,1249,1997-06-19 23:29:45,1997-07-15 23:29:45,301.75504847237164,3.803304747663407,291.9198913574219,311.2425842285156,46.4885425705066,8.50908369254472,27.185239791870117,68.6330795288086,0.9319444892764449,0.23330251684065487,0.0,1.0,173.23980471164919,239.4933115159814,0.0,864.6040649414062,29.5318733749686,15.14669541608366,-1.178750991821289,70.78107452392578,112.98614130941651,103.9257962906717,-32.756385803222656,370.2933044433594,36.71611922112709,50.58168982644641,-48.19628143310547,178.625732421875,96863.85649144315,329.1931532888907,96062.953125,97540.140625,298.97400674445805,1.588044389005983,295.1214294433594,302.9514465332031,244.92096682839437,36.08460138867296,191.60592651367188,311.95916748046875,0.0037024410907586435,0.0055525737596167956,7.671077106863322e-09,0.02115633897483349,0.14777500353394177,0.3362840550512985,0.0,1.0,8.305270070460095e-06,3.571911926023632e-05,0.0,0.0006533782579936087,1.2897939337247481e-06,1.5077080923108434e-05,0.0,0.0007302421727217734,3.252610635019728e-08,1.0007562938268789e-07,0.0,1.0110310313393711e-06,2.8102555886570446,7.106488748681599e-09,2.1287906300178453e-08,0.0,2.7506837341206847e-07,0.6140006278860902,3.9632595098878876e-08,1.0495168039377687e-07,0.0,1.1178386785104522e-06,3.424256216543135
ARM97_qmc,mac,run_e3sm_scm_ARM97_qmc64_0706_059,digitalnetb2,QMCPy DigitalNetB2,20260428,59,digitalnetb2,0.0048667817,0.0048667817374328,0.0023333725,0.002333372453904,0.042527199D0,0.042527199486514,-0.000838583719,-0.0008385837190936,8.39363689e-06,8.393636886329457e-06,0.57364894D0,0.5736489373542485,9170.3844,9170.384397097569,1274.468,1274.4679618956045,1.0692926D0,1.0692926172156916,0.23966285,0.2396628490158699,3.2094765,3.2094764685896413,1.2184347,1.218434711904046,1.0495812D0,1.0495811997447455,0.48282786,0.482827861273973,3.6735028,3.673502817617915,5.7013586,5.701358569763629,0.1388769,0.1388769039052476,/Users/yunlong/Workshop/SCM-UQ-Workflow/cases/run_e3sm_scm_ARM97_qmc64_0706/output/ARM97_qmc_059.nc,1249,1997-06-19 23:29:45,1997-07-15 23:29:45,300.31180132093954,3.5781845371610457,291.8194885253906,309.2274169921875,47.120917661558444,8.032517259058128,27.9842586517334,68.59788513183594,0.9300219599796667,0.18458261025908143,0.0,1.0,182.6270243927562,237.05185649988928,0.0,865.53125,35.25964147649449,13.542851446550326,3.1449451446533203,70.59588623046875,112.98614130941651,103.9257962906717,-32.756385803222656,370.2933044433594,36.71611922112709,50.58168982644641,-48.19628143310547,178.625732421875,96863.85649144315,329.1931532888907,96062.953125,97540.140625,298.97400674445805,1.588044389005983,295.1214294433594,302.9514465332031,244.81384979871103,35.62144611602282,192.9819793701172,310.41192626953125,0.003797964443413197,0.005723603754755699,8.304936294223353e-09,0.02384638972580433,0.13831257803439187,0.3106063884982531,0.0,1.0,6.209091795937181e-06,2.7042775049265553e-05,0.0,0.0006437597912736237,1.2073642151824462e-06,1.3144833060686446e-05,0.0,0.000616603356320411,3.093417208247362e-08,7.820206597744796e-08,0.0,5.346246894077922e-07,2.6727124679257206,8.527884703402915e-09,3.0461624713390145e-08,0.0,3.665615224690555e-07,0.7368092383740119,3.946205678587654e-08,9.158831813125093e-08,0.0,6.98185203873436e-07,3.4095217062997327
ARM97_qmc,mac,run_e3sm_scm_ARM97_qmc64_0706_060,digitalnetb2,QMCPy DigitalNetB2,20260428,60,digitalnetb2,0.0019641424,0.001964142421376,0.0035721807,0.0035721807044751,0.058715831D0,0.0587158313905716,-0.000160371576,-0.000160371576085,2.45461726e-06,2.454617256794992e-06,0.29550217D0,0.2955021658261565,3187.5167,3187.5167035398126,1101.6949,1101.6948880954476,1.0777214D0,1.0777213855051777,0.28051208,0.2805120779764338,4.3378303,4.337830342176846,2.5342818,2.534281750645074,1.491415D0,1.4914150179470176,0.41081503,0.4108150285620177,1.4796463,1.479646307181645,6.9523917,6.952391733867084,0.36898807,0.3689880660918765,/Users/yunlong/Workshop/SCM-UQ-Workflow/cases/run_e3sm_scm_ARM97_qmc64_0706/output/ARM97_qmc_060.nc,1249,1997-06-19 23:29:45,1997-07-15 23:29:45,302.21586316905086,3.6926104193605367,292.65625,309.4503479003906,37.50791838304628,6.1595420030671475,20.198936462402344,55.02388000488281,0.844796651661783,0.3087609070062701,0.0,1.0,211.3639291748822,260.1412494378903,0.0,869.9612426757812,41.44279461464374,16.466251656642513,1.561735987663269,88.19984436035156,112.98614130941651,103.9257962906717,-32.756385803222656,370.2933044433594,36.71611922112709,50.58168982644641,-48.19628143310547,178.625732421875,96863.85649144315,329.1931532888907,96062.953125,97540.140625,298.97400674445805,1.588044389005983,295.1214294433594,302.9514465332031,245.92278065769267,36.404278603595564,199.7675323486328,310.8786315917969,0.0030835514677441307,0.00479477080460314,1.0133652139643345e-08,0.024208128452301025,0.10536528863691128,0.2731199227219468,0.0,1.0,4.886438775961187e-06,2.482280674724338e-05,0.0,0.000803170318249613,3.2092260358183213e-07,8.256547226327563e-06,0.0,0.0009186607203446329,4.526409894358896e-08,1.3172931497975804e-07,0.0,1.094788444788719e-06,3.910818148726086,3.071331263488008e-09,1.9096057438805636e-08,0.0,4.1123377059193444e-07,0.26536302116536387,4.8335430207076964e-08,1.3339943431283534e-07,0.0,1.0957725279370223e-06,4.17618116989145
ARM97_qmc,mac,run_e3sm_scm_ARM97_qmc64_0706_061,digitalnetb2,QMCPy DigitalNetB2,20260428,61,digitalnetb2,0.0043662549,0.0043662548612346,0.0017424351,0.0017424351327427,0.078533489D0,0.078533488917307,-0.00146053293,-0.0014605329274932,6.20534898e-06,6.2053489750012765e-06,0.47300745D0,0.4730074450075039,12705.155,12705.155351899964,810.96623,810.9662309370771,1.0198846D0,1.019884616481158,0.35161112,0.3516111220416054,7.9739127,7.973912659702123,1.6167385,1.6167384689572593,0.75016032D0,0.7501603224535549,0.88994386,0.8899438574992711,4.8960911,4.896091078752784,4.4593835,4.459383521173983,0.24179111,0.241791114894479,/Users/yunlong/Workshop/SCM-UQ-Workflow/cases/run_e3sm_scm_ARM97_qmc64_0706/output/ARM97_qmc_061.nc,1249,1997-06-19 23:29:45,1997-07-15 23:29:45,301.1661587082166,3.3602415863998276,292.32684326171875,309.7222900390625,48.39941783749265,8.819781091079296,27.9395694732666,71.57966613769531,0.9548984142191732,0.19853025816915598,0.0,1.0,168.0796420026341,225.7692614039982,0.0,854.8269653320312,30.492599450248637,13.980628824237524,-3.354572057723999,69.4910659790039,112.98614130941651,103.9257962906717,-32.756385803222656,370.2933044433594,36.71611922112709,50.58168982644641,-48.19628143310547,178.625732421875,96863.85649144315,329.1931532888907,96062.953125,97540.140625,298.97400674445805,1.588044389005983,295.1214294433594,302.9514465332031,245.17278529702423,35.826705049947584,193.45770263671875,310.7593688964844,0.003918526189881641,0.00592362018510612,1.0025666519197785e-08,0.023622803390026093,0.15464045573286084,0.33987548471322365,0.0,1.0,6.843833802534731e-06,2.8981979498654084e-05,0.0,0.000628992507699877,9.674221197142342e-07,1.1555663488718465e-05,0.0,0.0008162179146893322,3.077178759305024e-08,7.192698311294516e-08,0.0,4.599317549036641e-07,2.658682448039541,7.786082178960058e-09,2.841799629048042e-08,0.0,3.6541439385473495e-07,0.672717500262149,3.8557869772010294e-08,8.65857875991497e-08,0.0,7.586611729948345e-07,3.3313999483016894
ARM97_qmc,mac,run_e3sm_scm_ARM97_qmc64_0706_062,digitalnetb2,QMCPy DigitalNetB2,20260428,62,digitalnetb2,0.003447533,0.0034475330414924,0.0030810051,0.0030810050956475,0.081865122D0,0.0818651222760484,-0.00179077123,-0.0017907712311114,2.93308733e-06,2.933087331992682e-06,0.11369606D0,0.1136960597902176,9800.427,9800.426992240924,1186.7368,1186.736790515025,1.0540192D0,1.0540192475557486,0.16176689,0.1617668890137357,2.3031886,2.3031885806855756,2.3757634,2.3757633734616603,1.2486405D0,1.2486404757193486,1.1762688,1.1762687661684994,2.7099939,2.7099939317648367,4.2129007,4.212900675524779,0.25458759,0.254587589344364,/Users/yunlong/Workshop/SCM-UQ-Workflow/cases/run_e3sm_scm_ARM97_qmc64_0706/output/ARM97_qmc_062.nc,1249,1997-06-19 23:29:45,1997-07-15 23:29:45,302.53881300841454,3.628937685892964,292.81231689453125,312.00225830078125,45.942273258303906,7.622988365281949,27.287052154541016,67.21965026855469,0.9764361129149055,0.11033967913187644,0.010693497955799103,1.0,176.66250703388974,236.10317108239025,0.0,863.8619384765625,29.234445313067795,15.467411656552665,-5.178730487823486,69.34716033935547,112.98614130941651,103.9257962906717,-32.756385803222656,370.2933044433594,36.71611922112709,50.58168982644641,-48.19628143310547,178.625732421875,96863.85649144315,329.1931532888907,96062.953125,97540.140625,298.97400674445805,1.588044389005983,295.1214294433594,302.9514465332031,245.3271633404746,36.35928198456239,192.4268341064453,312.8237609863281,0.0036888494122826808,0.005549346475589957,7.468593743453766e-09,0.021210407838225365,0.1470300787964201,0.32532777032116555,0.0,1.0,6.658062137727334e-06,2.822147539430756e-05,0.0,0.0006177528412081301,7.83851516193276e-07,1.1337797526555506e-05,0.0,0.0005810430156998336,3.586868981285493e-08,8.63579088618247e-08,0.0,6.332431894406909e-07,3.0990547998306655,4.16353087235556e-09,1.548048169778963e-08,0.0,1.7662770801507577e-07,0.35972906737152033,4.0032220685210494e-08,9.02232304884151e-08,0.0,6.718268892313972e-07,3.458783867202187
ARM97_qmc,mac,run_e3sm_scm_ARM97_qmc64_0706_063,digitalnetb2,QMCPy DigitalNetB2,20260428,63,digitalnetb2,0.0053816637,0.0053816637290701,0.0050476271,0.0050476270932022,0.021676371D0,0.0216763710001814,-0.000788296195,-0.0007882961946719,9.27720808e-06,9.27720808225089e-06,0.41742399D0,0.4174239926115434,6681.1396,6681.139561850436,395.74644,395.7464350374426,1.0493574D0,1.049357440687752,0.48285554,0.4828555357706484,5.4149146,5.414914615148596,1.4573692,1.4573691858758426,1.9781796D0,1.978179640541562,0.53012039,0.5301203878594145,3.1657415,3.165741543006198,6.7302483,6.730248257483064,0.13587851,0.135878510497043,/Users/yunlong/Workshop/SCM-UQ-Workflow/cases/run_e3sm_scm_ARM97_qmc64_0706/output/ARM97_qmc_063.nc,1249,1997-06-19 23:29:45,1997-07-15 23:29:45,300.7562966877408,3.624579715259126,292.18994140625,309.2812194824219,49.32156387646739,8.957348762371584,27.988052368164062,72.15249633789062,0.9836554196689299,0.06667130478841854,0.1676683872938156,1.0,178.00031937142197,233.81486959434457,0.0,865.39697265625,30.135339408039187,14.291095888798775,-1.2363853454589844,69.4071044921875,112.98614130941651,103.9257962906717,-32.756385803222656,370.2933044433594,36.71611922112709,50.58168982644641,-48.19628143310547,178.625732421875,96863.85649144315,329.1931532888907,96062.953125,97540.140625,298.97400674445805,1.588044389005983,295.1214294433594,302.9514465332031,244.9463144058032,35.96885142127277,190.85968017578125,310.4938049316406,0.003921112917148396,0.005854683054425516,1.0050931642524574e-08,0.024636639282107353,0.15757324434808492,0.3401334392829365,0.0,1.0,7.410825576707004e-06,3.061281395710745e-05,0.0,0.0005886320141144097,1.4760788603451699e-06,1.505716761026346e-05,0.0,0.0006837647524662316,3.1155837267294464e-08,9.570372713511278e-08,0.0,9.396008522344346e-07,2.6918643398942415,8.191735334383926e-09,2.9094668701638455e-08,0.0,3.7557316545644426e-07,0.7077659328907712,3.9347572601678385e-08,1.0309796773022008e-07,0.0,9.401611577586344e-07,3.3996302727850125
